n_drones,num_detected,num_intercepted,num_passed,success_rate,civil_risk,missiles_used,detection_rate,weather_factor,terrain_factor,radar_jam,comm_jam_level,strategy,num_units,missiles_per_unit_avg
101,38,20,81,0.19801980198019803,0.46096430396129257,38,0.37623762376237624,0.990869673688527,0.7034539803614352,0.08188521195393778,0.16232621009820963,most_threat,8,10.0
142,45,16,126,0.11267605633802817,0.4866067695288163,45,0.31690140845070425,0.6865331110523308,0.7212886729664076,0.017322680030342392,0.3022304644989048,most_threat,8,10.0
89,21,11,78,0.12359550561797752,0.5005433987459108,21,0.23595505617977527,0.6452973806559279,0.7850936078999022,0.04084400687241251,0.2228400750329224,most_threat,8,10.0
129,27,5,124,0.03875968992248062,0.5372050628738354,27,0.20930232558139536,0.676597363972321,0.583650689996575,0.1397995324899575,0.24537633267013986,most_threat,8,10.0
103,32,7,96,0.06796116504854369,0.5259445143544228,32,0.3106796116504854,0.6178226526470613,0.8922207710353645,0.04750340115523606,0.23091817932622252,most_threat,8,10.0
85,28,6,79,0.07058823529411765,0.520087158921057,28,0.32941176470588235,0.6208739967865451,0.9696120680856033,0.06942328437289845,0.6130197916307853,most_threat,8,10.0
150,71,33,117,0.22,0.42776426884739993,71,0.47333333333333333,0.9681764145934475,0.8218163987750177,0.050657151776815325,0.3891449666644212,most_threat,8,10.0
56,15,4,52,0.07142857142857142,0.5422826832823343,15,0.26785714285714285,0.6444677331015365,0.7951076178143035,0.09748064251598007,0.2796695609622393,most_threat,8,10.0
78,41,19,59,0.24358974358974358,0.4305467275336123,41,0.5256410256410257,0.8752148534212515,0.8259954269329275,0.049690842070789346,0.20980840695392539,most_threat,8,10.0
90,12,2,88,0.022222222222222223,0.5854300651696973,12,0.13333333333333333,0.7163439895771724,0.5326371923508291,0.18016944042346014,0.22826412337237395,most_threat,8,10.0
146,48,17,129,0.11643835616438356,0.4983597725219521,48,0.3287671232876712,0.8735475991352339,0.5382936137085299,0.03816878969477214,0.3730191638699446,most_threat,8,10.0
101,49,23,78,0.22772277227722773,0.43525430750592103,49,0.48514851485148514,0.9918870001543146,0.8474280398946598,0.011443832771059969,0.27910887372433274,most_threat,8,10.0
68,18,6,62,0.08823529411764706,0.49850574189230157,18,0.2647058823529412,0.6234891737497326,0.8267475348572716,0.02914612400122203,0.1507583513916345,most_threat,8,10.0
70,22,8,62,0.11428571428571428,0.5211590818523797,22,0.3142857142857143,0.8034431197349017,0.6259654023411516,0.07979568075247351,0.032687419010694586,most_threat,8,10.0
146,49,17,129,0.11643835616438356,0.48267034795666863,49,0.3356164383561644,0.7694605377811174,0.7322365964160793,0.038276496103294234,0.32277590648180216,most_threat,8,10.0
130,39,15,115,0.11538461538461539,0.48406887500490065,39,0.3,0.9676410805112396,0.5635117863485686,0.15989566721151652,0.37290879015791584,most_threat,8,10.0
135,24,6,129,0.044444444444444446,0.5335403163990312,24,0.17777777777777778,0.7424393813542743,0.60263889329218,0.14695174417399187,0.49901919044336546,most_threat,8,10.0
81,43,21,60,0.25925925925925924,0.4236405077830988,43,0.5308641975308642,0.9933990986796915,0.9617654412876497,0.15123016566478245,0.38625300664307377,most_threat,8,10.0
149,62,25,124,0.16778523489932887,0.466772372364118,62,0.4161073825503356,0.8953209882409061,0.7652954657605424,0.1481105078170575,0.3903063630384993,most_threat,8,10.0
62,22,10,52,0.16129032258064516,0.49668309847778863,22,0.3548387096774194,0.859420855952371,0.7475691497542183,0.04009166497898859,0.03039253817045717,most_threat,8,10.0
86,33,10,76,0.11627906976744186,0.49911265202211785,33,0.38372093023255816,0.7363586140331632,0.9014676515519041,0.001320811189696306,0.015267454973923324,most_threat,8,10.0
67,26,9,58,0.13432835820895522,0.48673712193899166,26,0.3880597014925373,0.7716924453254576,0.6907426972391604,0.0789242622715877,0.15874353465825272,most_threat,8,10.0
148,51,26,122,0.17567567567567569,0.47920093000425423,51,0.34459459459459457,0.9755706806424914,0.6686805429475396,0.1352070757267378,0.12086436995072057,most_threat,8,10.0
111,40,16,95,0.14414414414414414,0.4875186933118204,40,0.36036036036036034,0.6721486827108618,0.8217707524616427,0.04716959021729325,0.3034274330248134,most_threat,8,10.0
89,41,12,77,0.1348314606741573,0.49149663338352917,41,0.4606741573033708,0.7275760738787775,0.8762683070794532,0.05476643103174983,0.14880814282999158,most_threat,8,10.0
73,23,9,64,0.1232876712328767,0.47422776174620795,23,0.3150684931506849,0.8991198442210815,0.7795744558340156,0.04635846134819242,0.32817636739917333,most_threat,8,10.0
146,86,26,120,0.1780821917808219,0.45964907644174013,56,0.589041095890411,0.9820935728976092,0.9034184759219279,0.03633811567960195,0.1199032127347142,most_threat,8,10.0
112,59,32,80,0.2857142857142857,0.3862362209436501,59,0.5267857142857143,0.9656847658785908,0.8251805738239162,0.030812248211610434,0.19622711856210776,most_threat,8,10.0
146,47,14,132,0.0958904109589041,0.5169351814910026,47,0.3219178082191781,0.8892750626336976,0.7753976668005856,0.057852016479049403,0.5902869408686917,most_threat,8,10.0
70,22,7,63,0.1,0.5174057984758312,22,0.3142857142857143,0.7077959456573302,0.576772773063423,0.01783659313251503,0.06655322274575244,most_threat,8,10.0
107,28,6,101,0.056074766355140186,0.5049308637645148,28,0.2616822429906542,0.692231660701451,0.821677138264722,0.07865755100745676,0.5501745090478308,most_threat,8,10.0
64,11,3,61,0.046875,0.5384158662055071,11,0.171875,0.6434510529015388,0.5647062673499048,0.0970130196335124,0.32809615158239547,most_threat,8,10.0
145,84,44,101,0.30344827586206896,0.3967365645592522,82,0.5793103448275863,0.9943224070367688,0.9271130340964377,0.04138847104749878,0.09293774220855659,most_threat,8,10.0
62,27,10,52,0.16129032258064516,0.4703205510676219,27,0.43548387096774194,0.9176167734187115,0.8273301669912438,0.07422363790579818,0.1153845560210852,most_threat,8,10.0
94,30,5,89,0.05319148936170213,0.5120679352085548,30,0.3191489361702128,0.6640764438802809,0.7958002593300897,0.019167814750470462,0.6760231660397977,most_threat,8,10.0
87,42,12,75,0.13793103448275862,0.48524112435247707,42,0.4827586206896552,0.830907675962615,0.8744357403512201,0.014076505800136864,0.20196419866922258,most_threat,8,10.0
147,27,11,136,0.07482993197278912,0.5123426811412867,27,0.1836734693877551,0.8261939646622687,0.510042710051799,0.0785792891036099,0.5669636525212789,most_threat,8,10.0
88,21,9,79,0.10227272727272728,0.45436895987586645,21,0.23863636363636365,0.6721144696621897,0.600533691123347,0.05458604889762742,0.34513918614167655,most_threat,8,10.0
146,41,13,133,0.08904109589041095,0.5025681374342672,41,0.2808219178082192,0.6330494267179185,0.6927009340181043,0.07131240764953212,0.421072831713216,most_threat,8,10.0
70,20,6,64,0.08571428571428572,0.5157051121140805,20,0.2857142857142857,0.7681889965938651,0.6197990286981572,0.16822442268882282,0.1737246979669957,most_threat,8,10.0
113,47,23,90,0.20353982300884957,0.4340603045311948,47,0.415929203539823,0.8768515582114667,0.7128251625963629,0.12118421429044929,0.1784066272564542,most_threat,8,10.0
148,42,21,127,0.14189189189189189,0.4859626365812749,42,0.28378378378378377,0.9195299273445645,0.5088381077025237,0.12007954273913699,0.2397008070554549,most_threat,8,10.0
118,30,11,107,0.09322033898305085,0.5178343292997587,30,0.2542372881355932,0.7803527126818222,0.6276437942282549,0.0980406812165175,0.21300848948250947,most_threat,8,10.0
59,21,8,51,0.13559322033898305,0.5031097517637393,21,0.3559322033898305,0.9357189437785571,0.6434162770327578,0.06782840849709955,0.41742663432200733,most_threat,8,10.0
95,23,8,87,0.08421052631578947,0.5127182398019695,23,0.24210526315789474,0.6648130580815621,0.7472663696133884,0.09202471432079341,0.1396575061976104,most_threat,8,10.0
73,18,6,67,0.0821917808219178,0.5226076018497735,18,0.2465753424657534,0.8903724370051803,0.6138507896660936,0.18172151630201203,0.5951054559429982,most_threat,8,10.0
138,21,5,133,0.036231884057971016,0.5514014870190236,21,0.15217391304347827,0.861941816051584,0.5163557228463849,0.14492310208820514,0.05942927773353757,most_threat,8,10.0
57,24,6,51,0.10526315789473684,0.5114719891370667,24,0.42105263157894735,0.6602650792317856,0.9585929898626542,0.05192654695278794,0.2911904024554656,most_threat,8,10.0
138,52,16,122,0.11594202898550725,0.5058811374873945,52,0.37681159420289856,0.8682048820830327,0.9389407935395707,0.14566871027171807,0.36933697726415277,most_threat,8,10.0
92,31,17,75,0.18478260869565216,0.45722697204945106,31,0.33695652173913043,0.8332203687695552,0.9168704591374571,0.12591177665031286,0.3660444538001491,most_threat,8,10.0
132,39,13,119,0.09848484848484848,0.5132583930245438,39,0.29545454545454547,0.9283162009012899,0.5819154862428755,0.13370574236805105,0.10766861884173158,most_threat,8,10.0
109,33,13,96,0.11926605504587157,0.47763481196843843,33,0.30275229357798167,0.7447208749837869,0.9150894911826482,0.04905276532051193,0.39600292139221216,most_threat,8,10.0
72,15,5,67,0.06944444444444445,0.5338067065877796,15,0.20833333333333334,0.7903377507878179,0.5539995478113456,0.08782227316173107,0.2799313026827105,most_threat,8,10.0
143,49,21,122,0.14685314685314685,0.47621902486826445,49,0.34265734265734266,0.9624292868583817,0.7432274620404278,0.08016768902703426,0.4109403347584852,most_threat,8,10.0
115,30,5,110,0.043478260869565216,0.5383165895265547,30,0.2608695652173913,0.7322944792471965,0.6057168664278862,0.08237998358412496,0.37980243095339505,most_threat,8,10.0
129,72,31,98,0.24031007751937986,0.43162769109389887,72,0.5581395348837209,0.9002380509261014,0.997267399121454,0.04831121078992932,0.1879691880629636,most_threat,8,10.0
82,22,9,73,0.10975609756097561,0.5015987673628551,22,0.2682926829268293,0.6727503308922592,0.7386728392480235,0.0731518176526255,0.17726472753215666,most_threat,8,10.0
131,38,19,112,0.1450381679389313,0.4685926407578546,38,0.2900763358778626,0.9350210761158089,0.7107364036484887,0.14060061886062972,0.175964789980677,most_threat,8,10.0
109,41,17,92,0.1559633027522936,0.4896779026226948,41,0.3761467889908257,0.8372193564371919,0.7588577939464864,0.07646249401412905,0.30284711922267016,most_threat,8,10.0
149,46,11,138,0.0738255033557047,0.5184188170040382,46,0.3087248322147651,0.6946348324343026,0.9294551220813548,0.07698097692061771,0.34394659036527153,most_threat,8,10.0
90,37,7,83,0.07777777777777778,0.5066088048924331,37,0.4111111111111111,0.7480141713551562,0.859435473659683,0.02658742663912227,0.39954315237961513,most_threat,8,10.0
93,33,7,86,0.07526881720430108,0.4927246623198983,33,0.3548387096774194,0.8174317513279145,0.6896137783587198,0.1167918236019034,0.19139690763844808,most_threat,8,10.0
97,42,17,80,0.17525773195876287,0.4612598315751218,42,0.4329896907216495,0.7828841870948082,0.8272105014284363,0.1066995266288434,0.44112276349699364,most_threat,8,10.0
56,15,6,50,0.10714285714285714,0.5186729806013498,15,0.26785714285714285,0.6064448124577824,0.9521330492758628,0.08360713274739516,0.2367432491801428,most_threat,8,10.0
85,42,26,59,0.3058823529411765,0.3775510631327585,42,0.49411764705882355,0.8679357563282353,0.869602162823812,0.05792789807753344,0.1371648093559673,most_threat,8,10.0
146,35,5,141,0.03424657534246575,0.542986696381942,35,0.23972602739726026,0.6009978758614701,0.8472161096053028,0.021214399527584554,0.2780563851135952,most_threat,8,10.0
104,38,14,90,0.1346153846153846,0.48872967540862383,38,0.36538461538461536,0.7342455053333261,0.9458015851255717,0.03911513764236642,0.394479871390309,most_threat,8,10.0
72,35,17,55,0.2361111111111111,0.42597792374519683,35,0.4861111111111111,0.8496097806869114,0.6771808749342382,0.08374956825281901,0.42321145665827004,most_threat,8,10.0
118,25,8,110,0.06779661016949153,0.5267469768839631,25,0.211864406779661,0.7771325292184473,0.8805531431198423,0.07620766165672184,0.2293210213245408,most_threat,8,10.0
88,27,8,80,0.09090909090909091,0.5182178080431331,27,0.3068181818181818,0.658446555145108,0.9210031551010534,0.17083524598927394,0.4588649114387175,most_threat,8,10.0
108,40,16,92,0.14814814814814814,0.47132725218920823,40,0.37037037037037035,0.9098236696337008,0.9456256850726985,0.21180300138421063,0.17030932366289037,most_threat,8,10.0
50,9,4,46,0.08,0.5049567258555215,9,0.18,0.6497187618058964,0.5565091561627107,0.11147933053561775,0.17667286117233175,most_threat,8,10.0
107,47,22,85,0.205607476635514,0.435581317148416,47,0.4392523364485981,0.826914096956314,0.8902618734512919,0.08919749098681763,0.03683892171738198,most_threat,8,10.0
140,27,7,133,0.05,0.5179889206496338,27,0.19285714285714287,0.6282187482851143,0.8072552656149357,0.11111728365784503,0.37818315773944694,most_threat,8,10.0
147,25,7,140,0.047619047619047616,0.5533540644863111,25,0.17006802721088435,0.6714116512585141,0.523228181495772,0.03064765732059643,0.622254123573741,most_threat,8,10.0
118,37,7,111,0.059322033898305086,0.5227576271622266,37,0.3135593220338983,0.6702245604076557,0.9895821707982692,0.04495365970511387,0.35167012604873393,most_threat,8,10.0
144,43,16,128,0.1111111111111111,0.5170649259479055,43,0.2986111111111111,0.9409309304543927,0.6902453946098726,0.05107621938890503,0.3785536847511154,most_threat,8,10.0
72,25,12,60,0.16666666666666666,0.47864988398780384,25,0.3472222222222222,0.9272822811473328,0.573769395705986,0.1067479502179398,0.056469759740415085,most_threat,8,10.0
140,57,22,118,0.15714285714285714,0.4601166051660296,57,0.40714285714285714,0.8206854489173349,0.9355788131991842,0.07856110388036985,0.20431182018505667,most_threat,8,10.0
141,49,15,126,0.10638297872340426,0.4929404629537885,49,0.3475177304964539,0.9822897009076105,0.7071424047578491,0.19417333199429312,0.15658205737220288,most_threat,8,10.0
114,31,12,102,0.10526315789473684,0.4802286246460473,31,0.2719298245614035,0.7130448143465581,0.8258505825052904,0.15551978065692934,0.466202463181758,most_threat,8,10.0
147,36,9,138,0.061224489795918366,0.5139199313956361,36,0.24489795918367346,0.6019822101540807,0.8101568146229026,0.07889981709180771,0.5398699299113344,most_threat,8,10.0
138,51,25,113,0.18115942028985507,0.4611475481818356,51,0.3695652173913043,0.8831057708954237,0.7170390005065672,0.06947438345886665,0.21674257635055594,most_threat,8,10.0
128,47,15,113,0.1171875,0.47521387342614685,47,0.3671875,0.6176870530195709,0.9026666882899412,0.009141518663059353,0.347742394967273,most_threat,8,10.0
75,27,14,61,0.18666666666666668,0.44437276516620033,27,0.36,0.8642502880696876,0.8089418609108483,0.09536546173607645,0.489254633730907,most_threat,8,10.0
106,44,13,93,0.12264150943396226,0.47034646036281785,44,0.41509433962264153,0.840196583095563,0.9944152559991606,0.15796444640198742,0.19254789301230563,most_threat,8,10.0
98,38,10,88,0.10204081632653061,0.48836786682548317,38,0.3877551020408163,0.6487104078990997,0.9507797986290878,0.06801786407094906,0.4019044161535203,most_threat,8,10.0
52,21,10,42,0.19230769230769232,0.45287564407159686,21,0.40384615384615385,0.9008067271928752,0.9288338971999864,0.10389698445121803,0.08203880166005201,most_threat,8,10.0
62,26,9,53,0.14516129032258066,0.45220925557715336,26,0.41935483870967744,0.9455354786835616,0.652010083252262,0.12253364264822555,0.323264780699168,most_threat,8,10.0
56,16,6,50,0.10714285714285714,0.5156535954936844,16,0.2857142857142857,0.6027178957843826,0.6629793897384688,0.05298063106149367,0.4701381461520672,most_threat,8,10.0
99,33,13,86,0.13131313131313133,0.49181153630358715,33,0.3333333333333333,0.833391485149812,0.7570931118681474,0.143688587251578,0.32863985093024217,most_threat,8,10.0
51,18,11,40,0.21568627450980393,0.4471362344477249,18,0.35294117647058826,0.8777545118063604,0.5691578149534211,0.06007170789921505,0.40684960466555836,most_threat,8,10.0
52,29,11,41,0.21153846153846154,0.4182309740000817,29,0.5576923076923077,0.9450656321535568,0.8964046682442758,0.029747139004864514,0.22274970561776944,most_threat,8,10.0
128,40,15,113,0.1171875,0.48735724556021054,40,0.3125,0.7340597190768163,0.8193169184668334,0.10762038297243032,0.19908762623921597,most_threat,8,10.0
129,55,28,101,0.21705426356589147,0.4298838561822007,55,0.4263565891472868,0.8342376837717774,0.8401291628905714,0.11743149028777441,0.02750106316003509,most_threat,8,10.0
121,44,16,105,0.1322314049586777,0.472281691353949,44,0.36363636363636365,0.9349468252229551,0.8933155685576387,0.0974501496177791,0.4215030167907987,most_threat,8,10.0
58,25,13,45,0.22413793103448276,0.43960023778392326,25,0.43103448275862066,0.9910046318845613,0.6479109759497553,0.08987678218140124,0.05885770286590317,most_threat,8,10.0
108,37,9,99,0.08333333333333333,0.5178248090805369,37,0.3425925925925926,0.8877653993019461,0.7502736434343324,0.22716210941813064,0.14120971369231847,most_threat,8,10.0
149,40,11,138,0.0738255033557047,0.5285424485299004,40,0.2684563758389262,0.7486372988101664,0.6478902368315493,0.021869122832073925,0.302833767786616,most_threat,8,10.0
86,39,21,65,0.2441860465116279,0.4199194483496665,39,0.45348837209302323,0.8889762264005889,0.8410423011718346,0.03387434535756969,0.17952246732527663,most_threat,8,10.0
149,69,26,123,0.174496644295302,0.454064192130049,69,0.46308724832214765,0.7385830655663257,0.9647322694402608,0.022407791309891237,0.5255715247850615,most_threat,8,10.0
146,56,19,127,0.13013698630136986,0.5039276366043107,56,0.3835616438356164,0.6508862170053517,0.8701751325622714,0.06241048069178979,0.06824206657611367,most_threat,8,10.0
116,39,15,101,0.12931034482758622,0.4678507270804163,39,0.33620689655172414,0.9149314744572039,0.8124347986156503,0.14379565159856444,0.5432653239778602,most_threat,8,10.0
131,44,19,112,0.1450381679389313,0.47627280622873586,44,0.33587786259541985,0.9172543744963731,0.6206883542197736,0.13661971654377042,0.10537405377501878,most_threat,8,10.0
144,25,7,137,0.04861111111111111,0.5468334889091354,25,0.1736111111111111,0.6605197881534487,0.6763728760565928,0.12587391440653042,0.458186240007221,most_threat,8,10.0
140,29,8,132,0.05714285714285714,0.5262228884082892,29,0.20714285714285716,0.6795144961303508,0.593162459969397,0.08615967279223921,0.5924667602338546,most_threat,8,10.0
115,41,13,102,0.11304347826086956,0.4856350840157651,41,0.3565217391304348,0.9072809073844984,0.9384061594945965,0.13870409835907802,0.4248982032170693,most_threat,8,10.0
145,54,18,127,0.12413793103448276,0.48303657677356215,54,0.3724137931034483,0.7757911013192196,0.8226287186059331,0.11848520637580776,0.21773943410060542,most_threat,8,10.0
147,49,17,130,0.11564625850340136,0.4906921426295119,49,0.3333333333333333,0.6917756200882984,0.9589292221322627,0.057764061223949385,0.36219233719903104,most_threat,8,10.0
118,46,22,96,0.1864406779661017,0.45900434938859774,46,0.3898305084745763,0.9648886429219578,0.6423284215752452,0.14671953467843432,0.2695548451032871,most_threat,8,10.0
70,26,8,62,0.11428571428571428,0.495027737735291,26,0.37142857142857144,0.7176904298108033,0.9162405759050023,0.09749777722266675,0.21762438347981325,most_threat,8,10.0
142,33,11,131,0.07746478873239436,0.5323526670554654,33,0.2323943661971831,0.8138572876695407,0.7318971646184769,0.0900419485567701,0.734929196863782,most_threat,8,10.0
96,24,8,88,0.08333333333333333,0.49511414657935315,24,0.25,0.7080457721703292,0.757437230435454,0.06219326087479146,0.41915508519327344,most_threat,8,10.0
117,33,10,107,0.08547008547008547,0.5236908558326007,33,0.28205128205128205,0.7786780410571252,0.5543741112104411,0.0428728093284582,0.5392205082493743,most_threat,8,10.0
91,47,20,71,0.21978021978021978,0.46109354598062247,47,0.5164835164835165,0.9553984872188317,0.9804938909862937,0.06633470404479481,0.1543064102096147,most_threat,8,10.0
136,25,8,128,0.058823529411764705,0.5132634905430301,25,0.18382352941176472,0.6227964750952298,0.5439730049913631,0.10217536811734489,0.02396911155838218,most_threat,8,10.0
96,41,9,87,0.09375,0.514895050932003,41,0.4270833333333333,0.7994890990133454,0.8171388879501114,0.07277039995870575,0.25472858124617515,most_threat,8,10.0
135,66,30,105,0.2222222222222222,0.4356353371478203,66,0.4888888888888889,0.9859094958261188,0.9860458623046382,0.2125304338836512,0.6344096570660624,most_threat,8,10.0
109,27,9,100,0.08256880733944955,0.5339021137627791,27,0.24770642201834864,0.8320614429798832,0.5473274620710359,0.08412892198036631,0.14428017587107336,most_threat,8,10.0
140,65,26,114,0.18571428571428572,0.4604093863300075,65,0.4642857142857143,0.868557274428938,0.8472152190791103,0.0585998455980552,0.19188607331437052,most_threat,8,10.0
141,37,11,130,0.07801418439716312,0.5000471616007474,37,0.2624113475177305,0.6005573319965861,0.6875823487352605,0.04111262704788813,0.19894501778915913,most_threat,8,10.0
118,40,10,108,0.0847457627118644,0.5145442221454853,40,0.3389830508474576,0.6414755343943146,0.9603491997593115,0.14001812896179355,0.26151373436116004,most_threat,8,10.0
133,58,23,110,0.17293233082706766,0.47981478363568275,58,0.43609022556390975,0.8066591525577517,0.7856365448142268,0.0984102026892476,0.08505878176534548,most_threat,8,10.0
61,26,12,49,0.19672131147540983,0.440100187507787,26,0.4262295081967213,0.7792807544977801,0.7486551374749364,0.035609753414395894,0.09908964343439289,most_threat,8,10.0
57,19,11,46,0.19298245614035087,0.47501613106477736,19,0.3333333333333333,0.9977604716243599,0.6478118844745121,0.15965790283533995,0.032227175556342746,most_threat,8,10.0
127,36,13,114,0.10236220472440945,0.49595975566089906,36,0.28346456692913385,0.7255812917823626,0.7268080093282167,0.1380308219234446,0.10366231391697132,most_threat,8,10.0
79,15,5,74,0.06329113924050633,0.5014084099749436,15,0.189873417721519,0.6468996586373278,0.5123518282358531,0.06259473145560802,0.3939809295679339,most_threat,8,10.0
89,24,5,84,0.056179775280898875,0.5490569464185328,24,0.2696629213483146,0.6139466762932664,0.9364534752984319,0.10467821667757496,0.6263624741903964,most_threat,8,10.0
71,15,7,64,0.09859154929577464,0.5195639365390552,15,0.2112676056338028,0.8438671327929325,0.5808158951297646,0.0708706003365418,0.5238642381601667,most_threat,8,10.0
56,27,11,45,0.19642857142857142,0.4413902269204512,27,0.48214285714285715,0.9615692783639203,0.8202644278396316,0.09025780144647498,0.4000060270507787,most_threat,8,10.0
130,54,22,108,0.16923076923076924,0.4785092782846647,54,0.4153846153846154,0.928728542586227,0.7305563742740293,0.05425851658847377,0.32148820266953393,most_threat,8,10.0
91,23,9,82,0.0989010989010989,0.5278264490353141,23,0.25274725274725274,0.7110002539973844,0.5410351135944151,0.02650554310248063,0.21945348343403254,most_threat,8,10.0
94,47,28,66,0.2978723404255319,0.3931687813025838,47,0.5,0.9883729692720896,0.9893967801462015,0.0065189482142301814,0.10001374542145239,most_threat,8,10.0
137,36,13,124,0.0948905109489051,0.5143866919569142,36,0.26277372262773724,0.7328764293271861,0.5551530644606875,0.06366366200104091,0.4138615244288894,most_threat,8,10.0
91,51,23,68,0.25274725274725274,0.4365730739863528,51,0.5604395604395604,0.9126065479983716,0.9544202600729959,0.03799836020170259,0.14562260638849192,most_threat,8,10.0
114,29,6,108,0.05263157894736842,0.5215394265905196,29,0.2543859649122807,0.6251173966194864,0.8741088060863849,0.016889293300580185,0.2799614326386063,most_threat,8,10.0
50,15,5,45,0.1,0.514900322679205,15,0.3,0.8929445091350996,0.6019766569164073,0.05218196001368026,0.7006990660279913,most_threat,8,10.0
62,11,4,58,0.06451612903225806,0.5583065107108101,11,0.1774193548387097,0.8306997890620675,0.5882518555744741,0.19015297280160331,0.19094153752887663,most_threat,8,10.0
54,24,7,47,0.12962962962962962,0.49069578323615815,24,0.4444444444444444,0.6590293161998004,0.9643251251221625,0.05780618461151865,0.3850501219405176,most_threat,8,10.0
79,39,12,67,0.1518987341772152,0.4743137119163222,39,0.4936708860759494,0.8325834902369984,0.9115759859367124,0.03322593617823187,0.13625370868567718,most_threat,8,10.0
95,34,16,79,0.16842105263157894,0.4715549651218131,34,0.35789473684210527,0.9824698142710742,0.6383447977903665,0.1533773423864004,0.2731114725025467,most_threat,8,10.0
117,39,16,101,0.13675213675213677,0.4836170058280153,39,0.3333333333333333,0.9466823904244874,0.620388176030229,0.031151928719414648,0.2576697404759488,most_threat,8,10.0
109,54,19,90,0.1743119266055046,0.47019686949812545,54,0.4954128440366973,0.8118575257329561,0.9707714369521014,0.028957795020169198,0.0981311749915594,most_threat,8,10.0
102,26,8,94,0.0784313725490196,0.5324276651392558,26,0.2549019607843137,0.6337979126986102,0.6446082838579531,0.06483246339774654,0.1906051756538867,most_threat,8,10.0
50,18,8,42,0.16,0.4633208042677279,18,0.36,0.8071626466723694,0.5799192117271861,0.07177346553503137,0.18672642609960552,most_threat,8,10.0
79,27,10,69,0.12658227848101267,0.5014778783802488,27,0.34177215189873417,0.9922093138506478,0.8162198992653614,0.1992567106201211,0.24958262745433152,most_threat,8,10.0
97,19,5,92,0.05154639175257732,0.5235104077112811,19,0.1958762886597938,0.7462243653969336,0.5414156166532695,0.03814593055093581,0.1600572752808252,most_threat,8,10.0
78,19,6,72,0.07692307692307693,0.5178310242155434,19,0.24358974358974358,0.7852841928337146,0.5859969376995192,0.049329436484943645,0.3202038712450451,most_threat,8,10.0
73,22,10,63,0.136986301369863,0.47543120496746405,22,0.3013698630136986,0.6901713755159619,0.643318636522496,0.023784554103214253,0.4454649184543141,most_threat,8,10.0
139,55,21,118,0.1510791366906475,0.4809296782547625,55,0.39568345323741005,0.7483871764524628,0.9361102025250798,0.06723992232406112,0.21544300554756765,most_threat,8,10.0
109,31,15,94,0.13761467889908258,0.44862884533315106,31,0.28440366972477066,0.9088130416472768,0.6319023782139298,0.0869945848106882,0.2336803726983192,most_threat,8,10.0
108,31,9,99,0.08333333333333333,0.5030466409995981,31,0.28703703703703703,0.6957230834380984,0.6046724147204319,0.017035670044917416,0.16678391053212416,most_threat,8,10.0
149,30,9,140,0.06040268456375839,0.5283796815091271,30,0.20134228187919462,0.7907652195317189,0.5219854400813466,0.11445999294392976,0.6692987677974722,most_threat,8,10.0
55,16,7,48,0.12727272727272726,0.47088778201443904,16,0.2909090909090909,0.739140016025533,0.5370767930931202,0.1311132854987149,0.5918662788637661,most_threat,8,10.0
64,14,8,56,0.125,0.49661472887894603,14,0.21875,0.8807384708122308,0.7034275955228184,0.20815935764453916,0.07656113238094717,most_threat,8,10.0
112,30,10,102,0.08928571428571429,0.5094668081979017,30,0.26785714285714285,0.7060367597771172,0.8670297506103445,0.11176231422087389,0.3791739956642062,most_threat,8,10.0
126,57,22,104,0.1746031746031746,0.4629093016585583,57,0.4523809523809524,0.8933771682600824,0.8629799515736882,0.10855941034003015,0.3820633474133355,most_threat,8,10.0
144,21,3,141,0.020833333333333332,0.5645310530904368,21,0.14583333333333334,0.6191984286755691,0.5014135681066532,0.014338720989229267,0.11796674885655796,most_threat,8,10.0
137,58,18,119,0.13138686131386862,0.4996582452723711,58,0.4233576642335766,0.8936580629490676,0.9909254687237936,0.10606704824506545,0.26675928801672555,most_threat,8,10.0
130,28,6,124,0.046153846153846156,0.5281480833156876,28,0.2153846153846154,0.6397552701491542,0.6045934362274836,0.1071978993583256,0.14359236849212595,most_threat,8,10.0
87,35,8,79,0.09195402298850575,0.47360504437271156,31,0.40229885057471265,0.8014481967541478,0.712804679964651,0.10862568120496562,0.24435238819233146,most_threat,8,10.0
60,30,10,50,0.16666666666666666,0.4827395088369543,30,0.5,0.9995672168555955,0.8673393556288342,0.06557787757648502,0.0981343457404933,most_threat,8,10.0
111,45,24,87,0.21621621621621623,0.42819527074230573,45,0.40540540540540543,0.9508944630181002,0.6134437218133564,0.06088323212915856,0.18935088023131036,most_threat,8,10.0
79,35,10,69,0.12658227848101267,0.4979200541563707,35,0.4430379746835443,0.8335106422038926,0.8926587744964897,0.07909615306131504,0.11909883506590599,most_threat,8,10.0
95,28,7,88,0.07368421052631578,0.5205127023853532,28,0.29473684210526313,0.7194744078313606,0.9612699898908088,0.06214595752716697,0.3243056357112574,most_threat,8,10.0
106,46,19,87,0.1792452830188679,0.4694698410441828,46,0.4339622641509434,0.8211057837939152,0.9492755971954039,0.07073824654572715,0.4360681965177318,most_threat,8,10.0
61,21,9,52,0.14754098360655737,0.4639403797689257,21,0.3442622950819672,0.6626324313815342,0.9340542437325221,0.08440683782879874,0.18925520314906372,most_threat,8,10.0
85,41,17,68,0.2,0.4722715175135302,41,0.4823529411764706,0.9104001529689079,0.8202257088595819,0.00600965893839102,0.42509779109929813,most_threat,8,10.0
106,46,14,92,0.1320754716981132,0.4711607215948165,46,0.4339622641509434,0.7584105102188735,0.9844428914443013,0.11389868934093746,0.25077448178450457,most_threat,8,10.0
70,20,11,59,0.15714285714285714,0.4600811523091383,20,0.2857142857142857,0.8014638067909253,0.6636845286673948,0.15834524100088218,0.28362126283802325,most_threat,8,10.0
61,26,12,49,0.19672131147540983,0.424414848746194,26,0.4262295081967213,0.8672154395060421,0.9279894261173545,0.12176908414924832,0.5095785708243388,most_threat,8,10.0
57,16,6,51,0.10526315789473684,0.5107329607692824,16,0.2807017543859649,0.918358828846702,0.5685288179419612,0.04199971925590045,0.14196626080665492,most_threat,8,10.0
60,13,1,59,0.016666666666666666,0.5234857131667563,13,0.21666666666666667,0.6023512977393165,0.6826745458660151,0.1357274450408454,0.4576053565354111,most_threat,8,10.0
91,36,15,76,0.16483516483516483,0.4894981538758014,36,0.3956043956043956,0.8253675705498105,0.8161151606493429,0.18616279598646232,0.10833046681143003,most_threat,8,10.0
51,22,6,45,0.11764705882352941,0.5102009362541139,22,0.43137254901960786,0.9862179906994617,0.9257380389853618,0.09034123270493168,0.5714916507915465,most_threat,8,10.0
111,38,12,99,0.10810810810810811,0.49568576650402574,38,0.34234234234234234,0.6488727257604587,0.9335769553324024,0.01692942456407419,0.06342654528573571,most_threat,8,10.0
60,20,8,52,0.13333333333333333,0.4738544829636426,20,0.3333333333333333,0.6869643994181197,0.740153689095802,0.051969992885924826,0.11999023240454267,most_threat,8,10.0
94,23,9,85,0.09574468085106383,0.5051960698021855,23,0.24468085106382978,0.6826592123620893,0.5003269999937904,0.06654103217286149,0.15577822091494004,most_threat,8,10.0
82,26,14,68,0.17073170731707318,0.44923267601216454,26,0.3170731707317073,0.9711135153394099,0.7221482601769158,0.10677682698011491,0.07903244467806426,most_threat,8,10.0
50,11,5,45,0.1,0.5158560373655892,11,0.22,0.8159567472995218,0.5246752406544068,0.08276971654116363,0.28094422960789056,most_threat,8,10.0
63,20,9,54,0.14285714285714285,0.4888968458506302,20,0.31746031746031744,0.8807141957254679,0.7354633727435897,0.14600623962059325,0.06595113998200744,most_threat,8,10.0
88,29,13,75,0.14772727272727273,0.46574955875857693,29,0.32954545454545453,0.7849521202502585,0.8125909337314093,0.05799739150978597,0.3298440400779387,most_threat,8,10.0
109,56,22,87,0.2018348623853211,0.45773068865501076,51,0.5137614678899083,0.9370249680395168,0.927083563756987,0.06493717869702198,0.1808360472815038,most_threat,8,10.0
67,19,6,61,0.08955223880597014,0.5070777502376905,19,0.2835820895522388,0.8138363712587399,0.7231081894128094,0.18372100626332102,0.5047635833885644,most_threat,8,10.0
140,37,13,127,0.09285714285714286,0.4796155978452961,37,0.2642857142857143,0.8452013779992739,0.8552635259005918,0.10329641207908168,0.6725521660493763,most_threat,8,10.0
102,25,10,92,0.09803921568627451,0.5003642396022208,25,0.24509803921568626,0.7333646764176908,0.6453114785969333,0.08581939878992978,0.29535738790204435,most_threat,8,10.0
120,47,16,104,0.13333333333333333,0.4869173242566054,47,0.39166666666666666,0.8929792182403626,0.8622413407522953,0.19374207189120693,0.15732566195200942,most_threat,8,10.0
90,34,12,78,0.13333333333333333,0.49524643900324095,34,0.37777777777777777,0.6360951730011607,0.9690406827344855,0.03655059866894488,0.14165496393965202,most_threat,8,10.0
75,19,5,70,0.06666666666666667,0.5334138638085875,19,0.25333333333333335,0.7485041856637675,0.804424664243491,0.13898778675096182,0.1976603279036429,most_threat,8,10.0
82,20,8,74,0.0975609756097561,0.4997073835141215,20,0.24390243902439024,0.8149815901346396,0.6539159107591332,0.06689379272368119,0.09379417669810851,most_threat,8,10.0
74,38,17,57,0.22972972972972974,0.4436767743703841,38,0.5135135135135135,0.9771511847886412,0.973287846743861,0.13772658957774297,0.47870448846475994,most_threat,8,10.0
97,31,12,85,0.12371134020618557,0.5059008596016265,31,0.31958762886597936,0.8309638491185978,0.8348000201945556,0.1326898448473782,0.6459601437809853,most_threat,8,10.0
112,35,11,101,0.09821428571428571,0.5049146433765314,35,0.3125,0.8870293649347021,0.6179348238364151,0.06229702358669679,0.38541857753248,most_threat,8,10.0
117,40,24,93,0.20512820512820512,0.46459337199073586,40,0.3418803418803419,0.9753094612308184,0.5804415378848415,0.05691605875340237,0.03602270731358276,most_threat,8,10.0
147,45,15,132,0.10204081632653061,0.5023670203621927,45,0.30612244897959184,0.7049219721275808,0.7352659597494597,0.0487802846469553,0.4052356607293383,most_threat,8,10.0
72,22,12,60,0.16666666666666666,0.43975542383105476,22,0.3055555555555556,0.8520846196940628,0.6977649162918137,0.19825203895456484,0.390063508246459,most_threat,8,10.0
95,48,21,74,0.22105263157894736,0.4284753996116467,48,0.5052631578947369,0.8979956920721461,0.9136397104641749,0.112326038258255,0.18366516817554737,most_threat,8,10.0
80,37,15,65,0.1875,0.46598368461801787,37,0.4625,0.7476438497746023,0.7618591256753064,0.04428402322833942,0.0727363671857963,most_threat,8,10.0
65,30,14,51,0.2153846153846154,0.46557194010605396,30,0.46153846153846156,0.9954210381855588,0.7483267738520072,0.021330090186121243,0.21154143973891967,most_threat,8,10.0
73,22,8,65,0.1095890410958904,0.5005969886791477,22,0.3013698630136986,0.6840407418510659,0.9236312002711526,0.08086953468039428,0.13705809277957196,most_threat,8,10.0
129,63,26,103,0.20155038759689922,0.4487459603676976,63,0.4883720930232558,0.8177550076914024,0.988830633517527,0.017971710596104064,0.340794479727145,most_threat,8,10.0
113,60,21,92,0.18584070796460178,0.4464598405030651,60,0.5309734513274337,0.9442669529422053,0.9365378057194018,0.07392820668433986,0.18902745176442673,most_threat,8,10.0
106,40,17,89,0.16037735849056603,0.4498117337396578,40,0.37735849056603776,0.7981789008149619,0.6263571786874103,0.019007585097480458,0.2529315008466698,most_threat,8,10.0
50,8,2,48,0.04,0.5672147557018308,8,0.16,0.6325976817122303,0.5487033526908509,0.09762060127393062,0.15853154068420755,most_threat,8,10.0
129,29,11,118,0.08527131782945736,0.5347722151982439,29,0.2248062015503876,0.6678170414026202,0.6009673185478879,0.03708570074960415,0.20290179836421388,most_threat,8,10.0
136,61,26,110,0.19117647058823528,0.4492772750542672,61,0.4485294117647059,0.9585840707466763,0.9082382374386582,0.04786059843832532,0.3736115782843625,most_threat,8,10.0
69,9,2,67,0.028985507246376812,0.5391027530528154,9,0.13043478260869565,0.6203700803884002,0.7498151597317841,0.10046084080415611,0.13109169400257242,most_threat,8,10.0
98,57,25,73,0.25510204081632654,0.4370591099906268,57,0.5816326530612245,0.9963246992758094,0.9522798289652634,0.0011093035532861832,0.5722911064788715,most_threat,8,10.0
92,28,9,83,0.09782608695652174,0.4975016648477351,28,0.30434782608695654,0.7795896857530171,0.6262823477824284,0.13701356817964339,0.4351212392826194,most_threat,8,10.0
126,45,18,108,0.14285714285714285,0.4750020073401545,45,0.35714285714285715,0.9333249761732542,0.7783373072542632,0.12313040818578513,0.47366132801459,most_threat,8,10.0
60,19,8,52,0.13333333333333333,0.49296686831819353,19,0.31666666666666665,0.8203176809842669,0.9023072703771526,0.05201100856996738,0.4293093432231988,most_threat,8,10.0
139,36,12,127,0.08633093525179857,0.5167355548913554,36,0.2589928057553957,0.8165525452256388,0.6745290953465093,0.13448544517374242,0.16178832730859052,most_threat,8,10.0
115,44,15,100,0.13043478260869565,0.4797814994480104,44,0.3826086956521739,0.9144586715226071,0.670191393156011,0.09671897524213345,0.06301021606774684,most_threat,8,10.0
113,39,20,93,0.17699115044247787,0.4539905680793437,39,0.34513274336283184,0.957771686356386,0.6472247928598993,0.08748636827850638,0.24231023979902064,most_threat,8,10.0
112,33,9,103,0.08035714285714286,0.5089336679437729,33,0.29464285714285715,0.7542763682448502,0.6115495506962613,0.049968917716766634,0.19819632936459627,most_threat,8,10.0
74,21,10,64,0.13513513513513514,0.49689892581569356,21,0.28378378378378377,0.6872532382110573,0.7401538213333214,0.06835503557109299,0.2893714848868007,most_threat,8,10.0
98,36,17,81,0.17346938775510204,0.48979220246997235,36,0.3673469387755102,0.8498128523976535,0.7252675702147041,0.023989663089008722,0.014789294484249062,most_threat,8,10.0
125,50,23,102,0.184,0.4430207236776253,50,0.4,0.9887919189593949,0.8084333754742818,0.09390282975519657,0.1263600075933554,most_threat,8,10.0
125,37,9,116,0.072,0.5052696376795978,37,0.296,0.6222146949359492,0.8827685723110313,0.1038685270279725,0.21917364064765657,most_threat,8,10.0
142,56,24,118,0.16901408450704225,0.44799232819823814,56,0.39436619718309857,0.9575634495500596,0.6147699078891959,0.0941734196786271,0.31783178600362777,most_threat,8,10.0
106,22,11,95,0.10377358490566038,0.5316261092586526,22,0.20754716981132076,0.787444187675531,0.6593906378063464,0.06259653478160641,0.4947421413419091,most_threat,8,10.0
144,65,28,116,0.19444444444444445,0.44670891784175953,65,0.4513888888888889,0.9317269247508769,0.9040364671630687,0.11062218742979703,0.6498699123582005,most_threat,8,10.0
73,18,5,68,0.0684931506849315,0.5110838340816951,18,0.2465753424657534,0.7240081596133786,0.6972758259842409,0.11770427106584705,0.0328581242675535,most_threat,8,10.0
140,24,5,135,0.03571428571428571,0.5456424971275553,24,0.17142857142857143,0.6678084018249301,0.7253643905519116,0.16954961323341158,0.36408384247282777,most_threat,8,10.0
95,58,28,67,0.29473684210526313,0.3899827977132213,58,0.6105263157894737,0.9503314095032349,0.9372072000647202,0.04594203026786837,0.14446370241115547,most_threat,8,10.0
114,53,22,92,0.19298245614035087,0.45203887368711243,53,0.4649122807017544,0.9454821613680136,0.9999624575136341,0.19198300053665082,0.5396345269589254,most_threat,8,10.0
79,30,11,68,0.13924050632911392,0.49230654789116,30,0.379746835443038,0.8859981775766064,0.6157420453634674,0.03266828552042795,0.18428757003079851,most_threat,8,10.0
63,31,12,51,0.19047619047619047,0.45048621610638856,31,0.49206349206349204,0.906049214138904,0.8911632651683531,0.03656614741234398,0.12163279022130816,most_threat,8,10.0
124,56,23,101,0.18548387096774194,0.47155817565564695,56,0.45161290322580644,0.9721635849529237,0.8239034229262838,0.05707613237564335,0.3957684452148267,most_threat,8,10.0
62,13,5,57,0.08064516129032258,0.5109083235027725,13,0.20967741935483872,0.66293005467808,0.5982152796586239,0.09377874357550543,0.14621818934051098,most_threat,8,10.0
148,37,8,140,0.05405405405405406,0.5357705014041153,37,0.25,0.6243388571722563,0.7413196981876514,0.04649604554684203,0.44157320747871687,most_threat,8,10.0
79,19,9,70,0.11392405063291139,0.4991475505845532,19,0.24050632911392406,0.6291911315217553,0.5608640067211165,0.1128565047612749,0.17015163070718092,most_threat,8,10.0
100,34,19,81,0.19,0.4596116714132946,34,0.34,0.9837019952577389,0.6648721948547207,0.0941197629116783,0.2107929278767069,most_threat,8,10.0
137,25,12,125,0.08759124087591241,0.49755837134466746,25,0.18248175182481752,0.88798353627013,0.6333495232018248,0.005250934925325824,0.4735810197825493,most_threat,8,10.0
88,21,9,79,0.10227272727272728,0.49600058536520425,21,0.23863636363636365,0.7233877057496978,0.9245185109789231,0.06898997025061213,0.21649748253742443,most_threat,8,10.0
149,30,11,138,0.0738255033557047,0.5176909704272981,30,0.20134228187919462,0.664125124942507,0.7084904329525248,0.022090529370264785,0.3222174250410225,most_threat,8,10.0
148,52,21,127,0.14189189189189189,0.4840493024575794,52,0.35135135135135137,0.8321823887748606,0.7629164220127753,0.06924687195827288,0.10477481200174658,most_threat,8,10.0
113,31,9,104,0.07964601769911504,0.5201862699892726,31,0.2743362831858407,0.7237779649264843,0.787001004807417,0.0864540442113118,0.18424789302064393,most_threat,8,10.0
84,24,6,78,0.07142857142857142,0.5460999600558529,24,0.2857142857142857,0.6132253073020713,0.9543500135090149,0.04209281947972416,0.22289419057428078,most_threat,8,10.0
94,25,12,82,0.1276595744680851,0.4820028997411908,25,0.26595744680851063,0.6719654938883962,0.7720908018088606,0.057472491960629174,0.5944576960083245,most_threat,8,10.0
144,47,21,123,0.14583333333333334,0.4843605649043286,47,0.3263888888888889,0.7689093052555059,0.5505459657038778,0.06176038387104226,0.08763058510190039,most_threat,8,10.0
134,42,14,120,0.1044776119402985,0.5036588674489484,42,0.31343283582089554,0.7775108131310735,0.7363545291471849,0.012927236395551699,0.23771327938685033,most_threat,8,10.0
133,38,12,121,0.09022556390977443,0.5086702518098262,38,0.2857142857142857,0.7872844701666986,0.6066583828913347,0.11413932206933892,0.10958092195887739,most_threat,8,10.0
56,17,6,50,0.10714285714285714,0.5071143548949976,17,0.30357142857142855,0.7651330886413356,0.5098053016951203,0.0762492040126444,0.5142255337295932,most_threat,8,10.0
92,22,8,84,0.08695652173913043,0.5209934133102561,22,0.2391304347826087,0.6951188387866257,0.9260198451961883,0.11234592949435386,0.4948174332163657,most_threat,8,10.0
55,13,5,50,0.09090909090909091,0.5001912064291519,13,0.23636363636363636,0.9139818925708774,0.5998814865357736,0.13865608754776548,0.4856248566991844,most_threat,8,10.0
137,60,28,109,0.20437956204379562,0.455311530205,60,0.43795620437956206,0.8496303562990062,0.7883859562079265,0.056145451526096936,0.6278191826798631,most_threat,8,10.0
59,12,6,53,0.1016949152542373,0.47243411442769984,12,0.2033898305084746,0.8513584909108722,0.6545187205767633,0.06328426752203277,0.5578902498389783,most_threat,8,10.0
138,49,13,125,0.09420289855072464,0.5077898491991126,49,0.35507246376811596,0.7269556376984669,0.561007921374838,0.08994077967158734,0.4820061433951282,most_threat,8,10.0
52,4,1,51,0.019230769230769232,0.5058772825681177,4,0.07692307692307693,0.616228537011828,0.6968593124331843,0.13382020579103043,0.493900503818789,most_threat,8,10.0
91,27,9,82,0.0989010989010989,0.519485452518701,27,0.2967032967032967,0.9772295625532628,0.6146688802762448,0.02704790661163603,0.3817702841317311,most_threat,8,10.0
61,20,5,56,0.08196721311475409,0.5258526465725334,20,0.32786885245901637,0.7243606869893582,0.826508962455071,0.0718668614090099,0.2219557266627054,most_threat,8,10.0
76,12,4,72,0.05263157894736842,0.5269500679688464,12,0.15789473684210525,0.6223045457907915,0.6380742663127654,0.06461983354304439,0.09373558009437356,most_threat,8,10.0
88,30,8,80,0.09090909090909091,0.525505958342321,30,0.3409090909090909,0.8602500613708401,0.70004540991558,0.14262845166015212,0.03268174814238585,most_threat,8,10.0
82,27,10,72,0.12195121951219512,0.5202601522548597,27,0.32926829268292684,0.7111867691894301,0.9706988209975362,0.1574875273590117,0.18203913085694165,most_threat,8,10.0
124,58,20,104,0.16129032258064516,0.4762537439743358,58,0.46774193548387094,0.872954903976725,0.8532424372553897,0.06144283822537464,0.18016147058037432,most_threat,8,10.0
121,52,17,104,0.14049586776859505,0.5035141589138437,52,0.4297520661157025,0.8208912198622773,0.8855127562931533,0.0388042569432137,0.12132087979928359,most_threat,8,10.0
118,38,13,105,0.11016949152542373,0.5169063787983552,38,0.3220338983050847,0.6387445709389967,0.6560878058856345,0.12677689679039952,0.2342485236174711,most_threat,8,10.0
123,45,11,112,0.08943089430894309,0.49745996883089805,45,0.36585365853658536,0.6806911640298272,0.850486131330522,0.09972160888985149,0.07027973299510071,most_threat,8,10.0
76,22,8,68,0.10526315789473684,0.5016201034488446,22,0.2894736842105263,0.8588502538905748,0.8123761663315741,0.06168149872031578,0.11011552746996195,most_threat,8,10.0
126,27,7,119,0.05555555555555555,0.5486425399148599,27,0.21428571428571427,0.6819282504600231,0.62745470074971,0.09032210973682898,0.2684689914471929,most_threat,8,10.0
79,25,10,69,0.12658227848101267,0.49836458951573676,25,0.31645569620253167,0.664552782936278,0.9018198162914192,0.05951108145986135,0.4202508746495157,most_threat,8,10.0
65,9,2,63,0.03076923076923077,0.5364534426069459,9,0.13846153846153847,0.6182113223483464,0.6796343543117112,0.18523492041610326,0.041158829355600994,most_threat,8,10.0
71,28,8,63,0.11267605633802817,0.49942993722508217,28,0.39436619718309857,0.6170281457982221,0.7699789908552024,0.017705893855977397,0.17090697902538057,most_threat,8,10.0
127,61,22,105,0.1732283464566929,0.45586155060443256,61,0.48031496062992124,0.9805308526952425,0.8233967997782001,0.07870740070219126,0.4380029621269887,most_threat,8,10.0
150,43,12,138,0.08,0.51253164540145,43,0.2866666666666667,0.6109817889394887,0.7193135067057501,0.02599982367655575,0.49202681679056093,most_threat,8,10.0
106,33,13,93,0.12264150943396226,0.4904057205900976,33,0.3113207547169811,0.6873676696629691,0.6878702303313511,0.14657341257697004,0.22617873637862473,most_threat,8,10.0
58,19,4,54,0.06896551724137931,0.521742429616811,19,0.3275862068965517,0.7570916790306413,0.6479579861283358,0.05473377688060977,0.21605936613236418,most_threat,8,10.0
71,28,13,58,0.18309859154929578,0.46885496440944735,28,0.39436619718309857,0.9394117718918236,0.667873900590135,0.15298662207101724,0.10699920885906673,most_threat,8,10.0
115,41,16,99,0.1391304347826087,0.4679043689196573,41,0.3565217391304348,0.6916761578702506,0.8241859838781983,0.048462190796743985,0.21144187468218345,most_threat,8,10.0
80,25,4,76,0.05,0.5411193875926034,25,0.3125,0.6411056331241746,0.9709103628199138,0.17340490881717294,0.1595332192430497,most_threat,8,10.0
83,36,18,65,0.21686746987951808,0.4300253900208713,36,0.43373493975903615,0.9744732782188242,0.901010911211169,0.1004079054113391,0.4891568525954858,most_threat,8,10.0
59,14,5,54,0.0847457627118644,0.5120341739208488,14,0.23728813559322035,0.7674449156211012,0.5998607093054554,0.019661799831808786,0.6356518844641481,most_threat,8,10.0
134,25,5,129,0.03731343283582089,0.5323343796047486,25,0.1865671641791045,0.7088271703014124,0.6302158996127393,0.18492685078720503,0.254154424027685,most_threat,8,10.0
148,43,4,144,0.02702702702702703,0.542281178348418,43,0.2905405405405405,0.6841825277848074,0.8445505063081176,0.021542204661643326,0.26555578742726677,most_threat,8,10.0
135,28,11,124,0.08148148148148149,0.5186782891878063,28,0.2074074074074074,0.7131514229756835,0.5024080901542642,0.029967632903231865,0.15185821174255257,most_threat,8,10.0
99,34,11,88,0.1111111111111111,0.5048956908863608,34,0.3434343434343434,0.9001709787948815,0.7717854796934055,0.06048130362271625,0.04443025642414233,most_threat,8,10.0
90,34,20,70,0.2222222222222222,0.4567912924184634,34,0.37777777777777777,0.9418731137515196,0.7296125378108242,0.12924417415129358,0.2892907133049306,most_threat,8,10.0
51,10,4,47,0.0784313725490196,0.5322775642416397,10,0.19607843137254902,0.626057566166856,0.687176594869904,0.08532822536518266,0.11465362859147409,most_threat,8,10.0
123,61,23,100,0.18699186991869918,0.465450098060791,61,0.4959349593495935,0.895734158062079,0.9917981400971023,0.045049667262141,0.47454550696916614,most_threat,8,10.0
86,11,2,84,0.023255813953488372,0.5745762021778451,11,0.12790697674418605,0.6277859754300006,0.5805583849044471,0.2106846023802794,0.34091619687343483,most_threat,8,10.0
64,16,0,64,0.0,0.5709494380562912,16,0.25,0.6183217629173854,0.5775484643950906,0.07809582567453922,0.2570659990410913,most_threat,8,10.0
118,25,8,110,0.06779661016949153,0.524247833532231,25,0.211864406779661,0.7261356242251256,0.560543968609066,0.024754596301813675,0.47353693068851155,most_threat,8,10.0
108,59,24,84,0.2222222222222222,0.44323624340806367,59,0.5462962962962963,0.8961834013585395,0.9904079523850331,0.025523520674861393,0.16874438915711093,most_threat,8,10.0
148,79,32,116,0.21621621621621623,0.4468685448266555,73,0.5337837837837838,0.9881156567256502,0.909939652814118,0.0982050450913123,0.09747034165732296,most_threat,8,10.0
137,32,11,126,0.08029197080291971,0.49930316751985493,32,0.23357664233576642,0.6657448275660531,0.6349582686953736,0.06512620638275332,0.19202352728682714,most_threat,8,10.0
92,31,16,76,0.17391304347826086,0.4837381085231847,31,0.33695652173913043,0.9983818033411342,0.6189627094042409,0.04051932260296825,0.5222174396994939,most_threat,8,10.0
89,27,9,80,0.10112359550561797,0.4926649638766572,27,0.30337078651685395,0.8277744627919686,0.6756347738995478,0.061346162573979894,0.23157365001435265,most_threat,8,10.0
118,15,2,116,0.01694915254237288,0.5474062469688151,15,0.1271186440677966,0.6251322554453352,0.5167139097786033,0.1382398331446363,0.14271972409097966,most_threat,8,10.0
128,37,9,119,0.0703125,0.5259701391862747,37,0.2890625,0.7707263897608038,0.8691819250703349,0.1311871477144402,0.2875606940262375,most_threat,8,10.0
92,31,11,81,0.11956521739130435,0.4964743548802703,31,0.33695652173913043,0.6792836955538255,0.9650239391793576,0.139071965952557,0.1538011777119404,most_threat,8,10.0
133,30,10,123,0.07518796992481203,0.5246319243946168,30,0.22556390977443608,0.7427678758358586,0.5694871952665921,0.11529892938380282,0.45447755057267125,most_threat,8,10.0
112,20,13,99,0.11607142857142858,0.47990225568768385,20,0.17857142857142858,0.6456541066737828,0.5873821416534035,0.08975267952690621,0.17442286237147497,most_threat,8,10.0
147,26,6,141,0.04081632653061224,0.5145556578901166,26,0.17687074829931973,0.6524616348689573,0.6659905117316198,0.11355521336525706,0.123849151952898,most_threat,8,10.0
125,37,9,116,0.072,0.5285191919395978,37,0.296,0.646668692828668,0.9653538352669488,0.11667754235837852,0.3049375990897027,most_threat,8,10.0
62,17,8,54,0.12903225806451613,0.47459152591958786,17,0.27419354838709675,0.6912852950930323,0.8154911883752721,0.04832225732804001,0.17165598519749695,most_threat,8,10.0
65,15,4,61,0.06153846153846154,0.5262016088422331,15,0.23076923076923078,0.6944715016237346,0.7687373612993323,0.030769979158116505,0.27421469633350753,most_threat,8,10.0
67,26,10,57,0.14925373134328357,0.4636204009901755,26,0.3880597014925373,0.8422142926504967,0.697667534276796,0.038330938870559904,0.27118835184989604,most_threat,8,10.0
92,21,6,86,0.06521739130434782,0.5193520966370244,21,0.22826086956521738,0.6205409094797961,0.507255820762804,0.07756187000247797,0.48032278283278207,most_threat,8,10.0
134,30,10,124,0.07462686567164178,0.48672700184975887,30,0.22388059701492538,0.6615187180109976,0.5252956306982193,0.07386160218803854,0.10398690540256438,most_threat,8,10.0
