n_drones,num_units,missiles_per_unit_avg,priority_strategy,weather_factor,terrain_factor,radar_jam,comm_jam_level,temp_factor,system_latency,resource_failure,formation,num_detected,detection_rate,num_intercepted,num_passed,success_rate,civil_risk,missiles_used
112,5,10.0,random,0.8092338898327138,0.75,0.06315336214154425,0.09193502982412396,0.8829086370000473,0.369170259074066,0,tight,36,0.32142857142857145,13,99,0.11607142857142858,0.6635104949311813,36
165,5,10.0,random,0.6214539166083323,0.75,0.04175824442364094,0.5957224113737715,0.9602654578842829,1.6591254313660997,0,tight,41,0.24848484848484848,14,151,0.08484848484848485,0.6869054140499891,39
109,5,10.0,random,0.707109725841647,0.75,0.07919210403316514,0.10951613424064965,0.8996079947736413,0.9076931276138231,0,medium,29,0.26605504587155965,5,104,0.045871559633027525,0.7243222334270959,29
190,5,10.0,random,0.7615026441913386,0.75,0.10799403120816191,0.4787393465749581,0.9352062747688067,0.5814877317813478,0,spread,60,0.3157894736842105,13,177,0.06842105263157895,0.7002460564768439,42
78,5,10.0,random,0.9929058245422785,0.75,0.1300526221695936,0.39734187298957957,0.9099432619866643,0.14988802539699364,0,medium,29,0.3717948717948718,18,60,0.23076923076923078,0.5788514442758641,29
132,5,10.0,random,0.8491316947844718,0.75,0.05311362016298661,0.09438594063773235,0.8616818617320335,1.3839850441134887,0,medium,55,0.4166666666666667,21,111,0.1590909090909091,0.6249364430143313,53
123,5,10.0,random,0.6779216319172083,0.75,0.06387057867390426,0.3707927556026295,0.9142890761077472,1.2425235118510987,0,medium,45,0.36585365853658536,10,113,0.08130081300813008,0.6774461851915364,40
175,5,10.0,random,0.9750615142231913,0.75,0.06107721788526399,0.03310494849799286,0.8777702146960209,1.348922566888747,0,spread,61,0.3485714285714286,23,152,0.13142857142857142,0.6436050394067855,57
169,5,10.0,random,0.8717816576199676,0.75,0.133219050805953,0.12920386176090573,0.9748706467248814,1.0048044394143665,0,medium,42,0.2485207100591716,12,157,0.07100591715976332,0.7031367519880003,30
64,5,10.0,random,0.9144935933083207,0.75,0.05646942299836175,0.19331924747780055,0.8827166704508351,0.800975944147587,0,tight,25,0.390625,9,55,0.140625,0.6326778311411007,25
31,5,10.0,random,0.8085064954249775,0.75,0.14318904629387488,0.10883375425877762,0.8215485527350141,1.46149383369499,0,spread,9,0.2903225806451613,5,26,0.16129032258064516,0.6457563421944775,9
35,5,10.0,random,0.7582698439834926,0.75,0.10393275149222793,0.13615593649039995,0.9241602138399577,0.1455030505532635,0,tight,5,0.14285714285714285,2,33,0.05714285714285714,0.7197771699694185,5
177,5,10.0,random,0.6493555862306875,0.75,0.03821089352498699,0.20295032187547396,0.8948768481991114,1.9066986001631139,0,medium,49,0.2768361581920904,14,163,0.07909604519774012,0.6883796536419355,46
38,5,10.0,random,0.8827945313610566,0.75,0.052279816882612115,0.5705680677921866,0.9436371336549416,1.7097183112408536,0,spread,16,0.42105263157894735,7,31,0.18421052631578946,0.6017705964153932,16
21,5,10.0,random,0.8346866980964935,0.75,0.13426595093905197,0.3367688418057095,0.9847386213104127,1.2771731004689049,0,tight,5,0.23809523809523808,3,18,0.14285714285714285,0.6492042299535685,5
153,5,10.0,random,0.6786667244590743,0.75,0.11175345888166036,0.06447386987645072,0.9494634515985605,1.857348812788163,1,medium,46,0.3006535947712418,0,153,0.0,0.7511938117761563,46
177,5,10.0,random,0.6073671952460812,0.75,0.06991016964528335,0.6584188418530116,0.9091513340089388,1.5045045123241418,0,tight,41,0.23163841807909605,13,164,0.07344632768361582,0.6924008053221328,37
87,5,10.0,random,0.9039082790084711,0.75,0.012123860527033918,0.6863481957382749,0.9937069596386174,0.7735020600183633,0,tight,29,0.3333333333333333,14,73,0.16091954022988506,0.6223994049941135,29
171,5,10.0,random,0.6469307775463278,0.75,0.09106350626715097,0.4078778763077706,0.9346532918950925,1.3870895833259256,0,tight,45,0.2631578947368421,14,157,0.08187134502923976,0.681626916810387,45
116,5,10.0,random,0.8212668217004315,0.75,0.026613876844411927,0.15739931370157423,0.9708595313943029,0.446564803961075,0,tight,43,0.3706896551724138,21,95,0.1810344827586207,0.6064143364546887,43
77,5,10.0,random,0.7152556493497612,0.75,0.09154215645058661,0.3757846770267295,0.890049811009534,1.8719093139921514,0,spread,23,0.2987012987012987,11,66,0.14285714285714285,0.6329086203601344,23
51,5,10.0,random,0.85595889506879,0.75,0.05362056591203012,0.07207427167902217,0.9678519133674193,0.418922994749922,0,tight,16,0.3137254901960784,7,44,0.13725490196078433,0.6385387652483812,16
180,5,10.0,random,0.7879972110640519,0.75,0.10526104880729452,0.27463450445609355,0.9723922108797804,1.4466881629274555,0,spread,59,0.3277777777777778,22,158,0.12222222222222222,0.6590373445929895,59
18,5,10.0,random,0.709281529999318,0.75,0.06171218051247861,0.2845133828862593,0.9098330394820573,1.7444445384105958,0,spread,6,0.3333333333333333,2,16,0.1111111111111111,0.6660305566374531,6
109,5,10.0,random,0.7230374462393159,0.75,0.038028772125685215,0.5669357840451773,0.904047693663415,0.7292860148210114,0,medium,39,0.3577981651376147,15,94,0.13761467889908258,0.6482726975416941,39
175,5,10.0,random,0.8934594755741646,0.75,0.07553276038781781,0.538321964345434,0.9684146414634207,1.288252860458204,0,spread,61,0.3485714285714286,16,159,0.09142857142857143,0.6737074953122733,40
181,5,10.0,random,0.9671166574176849,0.75,0.020119951867343305,0.3334528581796801,0.8304453350241989,1.585784803952985,0,medium,72,0.39779005524861877,21,160,0.11602209944751381,0.6713336733845164,54
133,5,10.0,random,0.7150276743351489,0.75,0.11283614127696984,0.10327058564061119,0.8845155773828588,0.07259501063874452,0,spread,39,0.2932330827067669,15,118,0.11278195488721804,0.6722935817402821,39
100,5,10.0,random,0.6361977662690849,0.75,0.08466897164946673,0.45454505069955725,0.946264333909542,0.6934582493692516,0,spread,16,0.16,7,93,0.07,0.6890662942196835,16
42,5,10.0,random,0.7829502360927145,0.75,0.05428413388307398,0.5486174811353981,0.9357907596835175,0.11256918844053665,0,medium,23,0.5476190476190477,5,37,0.11904761904761904,0.6625679800688361,23
149,5,10.0,random,0.6543467073510572,0.75,0.11443471755609971,0.6089606160400002,0.8842291400033037,1.764814368340954,0,medium,41,0.2751677852348993,8,141,0.053691275167785234,0.7155156399567044,38
134,5,10.0,random,0.7965518729545368,0.75,0.03535999895971861,0.15248143576200326,0.8934651247026606,1.3230141133564624,0,tight,42,0.31343283582089554,13,121,0.09701492537313433,0.6711989744742407,42
175,5,10.0,random,0.6996499993161465,0.75,0.09864085629162353,0.26041636898829457,0.8525905170783111,1.7330717247512242,1,tight,41,0.2342857142857143,0,175,0.0,0.7454199182027912,41
182,5,10.0,random,0.78218511589556,0.75,0.05727904758673249,0.3962386466293742,0.8820436984760311,1.8030887708294843,0,tight,55,0.3021978021978022,22,160,0.12087912087912088,0.6595620203235617,48
78,5,10.0,random,0.8401102643281417,0.75,0.07563751156379271,0.32493415665100644,0.9010102852181349,1.9356671141402397,0,spread,35,0.44871794871794873,16,62,0.20512820512820512,0.6009723481355713,35
196,5,10.0,random,0.8948987677255283,0.75,0.14531991533920313,0.11804364752002991,0.9767381934994843,1.064622847117606,0,medium,63,0.32142857142857145,25,171,0.12755102040816327,0.6522262443615089,48
161,5,10.0,random,0.7409162845141151,0.75,0.18909997617443305,0.1412533109647842,0.9728235610024774,0.41459158743390034,0,tight,44,0.2732919254658385,11,150,0.06832298136645963,0.6948003288754447,30
33,5,10.0,random,0.6691026232254789,0.75,0.05539895184238112,0.3286007591506607,0.92624120635816,0.06890143381342906,0,tight,6,0.18181818181818182,3,30,0.09090909090909091,0.6783635215511143,6
123,5,10.0,random,0.9333959941447855,0.75,0.12146870581537234,0.43720033161896765,0.9688926586305229,1.3609061988138837,0,medium,44,0.35772357723577236,15,108,0.12195121951219512,0.660136107990017,44
134,5,10.0,random,0.9095435500274982,0.75,0.20252596504514656,0.5287715466099105,0.8523272623593316,0.7158167237727187,0,tight,30,0.22388059701492538,12,122,0.08955223880597014,0.6818207515673589,30
112,5,10.0,random,0.8309567470078516,0.75,0.04073462189994303,0.17881768823237884,0.8368411095404972,0.10335421610659501,0,tight,34,0.30357142857142855,13,99,0.11607142857142858,0.6524897123447777,34
103,5,10.0,random,0.6794344723485544,0.75,0.0477351466364404,0.7657663248589283,0.8522116761915212,1.141797029942892,1,tight,28,0.27184466019417475,0,103,0.0,0.7562890055502681,28
149,5,10.0,random,0.7519386337706809,0.75,0.033358387378591314,0.3331438144143576,0.966002606952197,1.7763192344922278,0,tight,41,0.2751677852348993,9,140,0.06040268456375839,0.6975902542522676,27
63,5,10.0,random,0.6238556684843325,0.75,0.1668015916264296,0.1220446450852597,0.9233045710350238,1.4967489888211154,0,spread,13,0.20634920634920634,4,59,0.06349206349206349,0.6891754076707035,13
149,5,10.0,random,0.7346089111129249,0.75,0.010281859160317005,0.29488087835826354,0.8050004405665107,0.5752635063061842,1,medium,42,0.28187919463087246,0,149,0.0,0.7355600809945747,42
26,5,10.0,random,0.8606163454086722,0.75,0.1902990207239638,0.32799389666376394,0.9747279118271964,1.2638486238218927,0,spread,9,0.34615384615384615,5,21,0.19230769230769232,0.6264990934681975,9
12,5,10.0,random,0.6622222314728864,0.75,0.032317680707262784,0.13116503423184106,0.9206926437490526,0.9284659260797097,0,tight,3,0.25,1,11,0.08333333333333333,0.7088859658086851,3
21,5,10.0,random,0.9120124678104723,0.75,0.09874575968435988,0.05830661433153967,0.9500105448869162,1.0917148683343454,0,medium,6,0.2857142857142857,3,18,0.14285714285714285,0.6067692695895751,6
128,5,10.0,random,0.9645330259580774,0.75,0.01971240690051695,0.22690290801337656,0.8826736723093395,1.411306733673729,0,medium,62,0.484375,19,109,0.1484375,0.6352083659632993,37
128,5,10.0,random,0.6246041141341119,0.75,0.11788544872884213,0.3842977714048876,0.9024326406570441,0.858841434051161,0,tight,34,0.265625,11,117,0.0859375,0.6844675540951969,34
194,5,10.0,random,0.968442255790082,0.75,0.08304230044189638,0.1774439637679777,0.9340637157278264,1.2545124000656132,0,spread,98,0.5051546391752577,29,165,0.14948453608247422,0.6397853511281715,45
175,5,10.0,random,0.8929464198992496,0.75,0.013495355504389385,0.2702365983567672,0.8120466669038582,1.0353534885801974,0,spread,91,0.52,24,151,0.13714285714285715,0.6486753570893301,45
51,5,10.0,random,0.8585511510390831,0.75,0.054834416050682046,0.22453419021629226,0.9205856287631342,1.3120734893435366,1,tight,18,0.35294117647058826,0,51,0.0,0.7478847479563516,18
186,5,10.0,random,0.876118181516321,0.75,0.050354623373857856,0.3380849537750026,0.8425586842260222,1.171198243847957,0,spread,71,0.3817204301075269,20,166,0.10752688172043011,0.6598741988379468,48
192,5,10.0,random,0.77859890821506,0.75,0.04654904575209194,0.18959096237606718,0.9323953231459485,0.21291117104928792,0,tight,60,0.3125,19,173,0.09895833333333333,0.6595166631338113,47
181,5,10.0,random,0.9065846321953255,0.75,0.07579652526787285,0.385197973326015,0.918301211245607,1.8820599665442779,0,medium,59,0.3259668508287293,17,164,0.09392265193370165,0.6685061258088906,42
132,5,10.0,random,0.8224088611159783,0.75,0.14310296560997132,0.36598294237123075,0.9483987359388629,0.07250955944323878,0,tight,41,0.3106060606060606,19,113,0.14393939393939395,0.6396619819754512,41
41,5,10.0,random,0.7944613879696352,0.75,0.15224271371250112,0.17119129819819137,0.8922176982280347,1.8673318490102515,0,tight,15,0.36585365853658536,2,39,0.04878048780487805,0.7055402389544475,15
103,5,10.0,random,0.8283536948351982,0.75,0.10790755336319367,0.20480084061321102,0.8521868758179375,0.8320789410267542,0,tight,31,0.30097087378640774,12,91,0.11650485436893204,0.6531439928442835,31
43,5,10.0,random,0.8541939829670782,0.75,0.011321704247037852,0.3998232769288973,0.9156115323914171,1.844460981124478,0,medium,19,0.4418604651162791,6,37,0.13953488372093023,0.6510867685138013,19
134,5,10.0,random,0.6382070836825634,0.75,0.02478215530996228,0.4126265411195808,0.9775338342842206,1.3952350733602026,0,medium,36,0.26865671641791045,8,126,0.05970149253731343,0.7078523625390624,36
80,5,10.0,random,0.9906547118395069,0.75,0.04793234754082174,0.2114228489438814,0.9724928071753229,0.31049922803452845,0,medium,25,0.3125,11,69,0.1375,0.6471322403791901,25
33,5,10.0,random,0.9164926251915186,0.75,0.16644278343938448,0.0720157653707452,0.9037887598939839,0.1724921469255185,0,tight,6,0.18181818181818182,2,31,0.06060606060606061,0.6662168827287573,6
45,5,10.0,random,0.7206139259518913,0.75,0.05862957756467728,0.21322877913647623,0.8686190416925438,0.7034595575290286,0,tight,19,0.4222222222222222,4,41,0.08888888888888889,0.6796161747029672,19
169,5,10.0,random,0.6496228491361175,0.75,0.07930681401224156,0.38336174391629296,0.9987563983138066,1.7633730630161115,0,spread,63,0.3727810650887574,18,151,0.10650887573964497,0.6633509481732095,51
149,5,10.0,random,0.8385844544563524,0.75,0.10178100094346902,0.33013128433778977,0.8577819850895992,0.462196182397542,0,spread,53,0.35570469798657717,8,141,0.053691275167785234,0.723347409543689,34
38,5,10.0,random,0.8416621453256218,0.75,0.08367297535399461,0.10877694917786576,0.9563741560406377,0.8878265429888965,0,tight,9,0.23684210526315788,2,36,0.05263157894736842,0.7101573046239252,9
124,5,10.0,random,0.6844198391636469,0.75,0.036963520779962934,0.2682720059725717,0.9670165375700794,1.585864140217489,0,spread,38,0.3064516129032258,6,118,0.04838709677419355,0.7053320175392427,38
97,5,10.0,random,0.626314454312652,0.75,0.13767876202106188,0.3478580351895237,0.9268807977012758,0.04075265001820161,0,tight,21,0.21649484536082475,4,93,0.041237113402061855,0.706519777591671,21
131,5,10.0,random,0.95510485139814,0.75,0.17976274050036048,0.08845715235729422,0.9432557099323444,0.5718800676157758,0,medium,38,0.2900763358778626,20,111,0.15267175572519084,0.6410367064074843,38
66,5,10.0,random,0.8733931371688666,0.75,0.057462884254847295,0.5550358502624185,0.9604291336073748,0.09309223929983101,0,medium,19,0.2878787878787879,7,59,0.10606060606060606,0.6772999137227768,19
196,5,10.0,random,0.7881689346016197,0.75,0.07376156827594928,0.06550602452402267,0.8983729464870537,0.29423049867668216,0,tight,60,0.30612244897959184,17,179,0.08673469387755102,0.6855951202375483,44
134,5,10.0,random,0.888934068944605,0.75,0.14831136267987247,0.20681176446598984,0.9455274197827602,1.4620095324396463,0,tight,36,0.26865671641791045,15,119,0.11194029850746269,0.6631718503614136,36
46,5,10.0,random,0.748854554608787,0.75,0.01260124727071955,0.12790566423801333,0.921253689824127,0.2671614232401034,0,medium,15,0.32608695652173914,7,39,0.15217391304347827,0.6188140207288889,15
143,5,10.0,random,0.9227839506663377,0.75,0.13532796479318918,0.2927205151045466,0.780912503255114,1.1805074928389367,0,medium,53,0.3706293706293706,20,123,0.13986013986013987,0.6385275655756264,53
120,5,10.0,random,0.6058612340041517,0.75,0.16093029473548764,0.5452987833352962,0.877804322683845,0.7285058827781044,1,spread,26,0.21666666666666667,0,120,0.0,0.7665457350635052,26
46,5,10.0,random,0.9993490342716139,0.75,0.016291073639496684,0.38743035951082067,0.856207064170246,0.10544290359849096,0,tight,22,0.4782608695652174,14,32,0.30434782608695654,0.5324761520233923,22
139,5,10.0,random,0.7875264133686807,0.75,0.09629723402178683,0.09126224781779536,0.8086944475098896,1.814623632825627,0,tight,36,0.2589928057553957,15,124,0.1079136690647482,0.6560290148738175,36
139,5,10.0,random,0.9096594822936015,0.75,0.10111137398287467,0.2584316006750821,0.8994348903101359,1.1865240837132673,0,medium,50,0.3597122302158273,22,117,0.15827338129496402,0.6301096865151958,50
77,5,10.0,random,0.7001445384565576,0.75,0.0348417647326561,0.23834574963467794,0.9259820387789461,0.35314648717039643,0,spread,28,0.36363636363636365,7,70,0.09090909090909091,0.6571406917656855,28
42,5,10.0,random,0.900284681912474,0.75,0.1319033668234402,0.18896076332458508,0.9096575560974762,1.7546864930812087,0,tight,11,0.2619047619047619,4,38,0.09523809523809523,0.6795094193301571,11
133,5,10.0,random,0.9469750327695821,0.75,0.12539280268246597,0.19681307707661364,0.8928495711211464,1.957192489663399,0,tight,42,0.3157894736842105,19,114,0.14285714285714285,0.6385044045810148,42
84,5,10.0,random,0.6558473302480957,0.75,0.09791198909879188,0.1690835185252396,0.9396352035821754,0.6209594737583424,0,medium,28,0.3333333333333333,12,72,0.14285714285714285,0.6230965051615709,28
55,5,10.0,random,0.6802297455051993,0.75,0.12911977402727687,0.2725504956328045,0.9642508325820466,0.6268083340402693,0,tight,9,0.16363636363636364,3,52,0.05454545454545454,0.6859814293573138,9
12,5,10.0,random,0.6912547047934685,0.75,0.19255984123657943,0.1690163781852181,0.9568654241143725,0.17339551382486595,0,spread,2,0.16666666666666666,0,12,0.0,0.7696418481946053,2
59,5,10.0,random,0.6999360599947473,0.75,0.1264729074312054,0.14483419491270477,0.8537677045899512,1.0500269607152344,0,spread,13,0.22033898305084745,4,55,0.06779661016949153,0.6835025112056987,13
60,5,10.0,random,0.6566444123221858,0.75,0.055487411501632326,0.21497909824845174,0.8729220046214801,0.7139300081627329,0,medium,16,0.26666666666666666,5,55,0.08333333333333333,0.6713271954883531,16
24,5,10.0,random,0.6185620624715508,0.75,0.08902774636169268,0.22649509293386266,0.9302510249403261,1.5950480063011376,0,medium,7,0.2916666666666667,1,23,0.041666666666666664,0.7134066164784886,7
22,5,10.0,random,0.9303797518147566,0.75,0.061076650634100595,0.2557592141573191,0.9490031434969561,0.42050491794460276,0,spread,8,0.36363636363636365,2,20,0.09090909090909091,0.6881186911325706,8
71,5,10.0,random,0.8744052076279054,0.75,0.0559046488324108,0.16418277897070466,0.882644106987272,0.2836965390194728,0,tight,27,0.38028169014084506,10,61,0.14084507042253522,0.631246992040096,27
115,5,10.0,random,0.7259297076842636,0.75,0.07245781112809635,0.4554141121012708,0.9131784476095303,0.416904416751523,0,spread,28,0.24347826086956523,8,107,0.06956521739130435,0.6914226355887397,28
73,5,10.0,random,0.9275904521572136,0.75,0.11551519864721124,0.10035064851735934,0.8546222129486137,0.33116519938119704,0,spread,26,0.3561643835616438,8,65,0.1095890410958904,0.6669880694147384,26
103,5,10.0,random,0.9111929389507772,0.75,0.008390782850018971,0.37378066759727746,0.9057623416113065,0.72171704860441,0,tight,38,0.36893203883495146,19,84,0.18446601941747573,0.6279301820265294,38
118,5,10.0,random,0.9085882666602396,0.75,0.14567237453778845,0.20193570020363175,0.9194743142059357,1.8408162236683443,0,medium,41,0.3474576271186441,15,103,0.1271186440677966,0.6536757414475421,38
28,5,10.0,random,0.9062468067045069,0.75,0.11164600035892579,0.2077812234087113,0.9277205130202959,1.1123728590632345,1,tight,9,0.32142857142857145,0,28,0.0,0.746049619808402,9
186,5,10.0,random,0.8818967938086797,0.75,0.020137436448566977,0.09941849428264941,0.8086387316358435,0.8472596655543134,0,tight,71,0.3817204301075269,9,177,0.04838709677419355,0.7114548337749644,31
187,5,10.0,random,0.6187074070747184,0.75,0.09734034045434001,0.18394884990910665,0.8287110789872921,1.4796169502946632,1,medium,41,0.2192513368983957,0,187,0.0,0.7421423721711965,41
159,5,10.0,random,0.9318895186833218,0.75,0.030695299662545777,0.27536776964059934,0.9055043594629393,0.6730769064391153,0,medium,61,0.3836477987421384,28,131,0.1761006289308176,0.6144679604769114,54
125,5,10.0,random,0.7643158623302679,0.75,0.12391653269917388,0.3372608364324939,0.9417384877224494,1.0984512557150383,0,medium,31,0.248,12,113,0.096,0.659899139304441,31
21,5,10.0,random,0.9980206798921021,0.75,0.23376896356043428,0.25548044422683414,0.8355853238379746,1.9135582220289094,0,tight,6,0.2857142857142857,2,19,0.09523809523809523,0.6467741899150182,6
35,5,10.0,random,0.779125752098706,0.75,0.02467278248391727,0.39698656975692437,0.8962565507521911,1.3928611835255078,0,spread,10,0.2857142857142857,4,31,0.11428571428571428,0.7027703042225861,10
13,5,10.0,random,0.750772538038438,0.75,0.09103070727511324,0.6242017904934041,0.9179859933300855,0.7244204962326988,0,spread,3,0.23076923076923078,1,12,0.07692307692307693,0.6970833974867914,3
62,5,10.0,random,0.9142888662542993,0.75,0.00742442118072874,0.510640649477559,0.8939355460950749,0.11704835927343904,0,medium,24,0.3870967741935484,13,49,0.20967741935483872,0.6036298762359883,24
89,5,10.0,random,0.868754063887403,0.75,0.06438020239565596,0.4951176263506887,0.8804315431384692,1.6347809803995361,0,spread,32,0.3595505617977528,12,77,0.1348314606741573,0.655858664525412,32
112,5,10.0,random,0.6047346573284476,0.75,0.06561380755457621,0.18299848278946457,0.9184959933427174,1.0356209084432646,0,medium,41,0.36607142857142855,7,105,0.0625,0.7106933118384865,41
118,5,10.0,random,0.8334915927650371,0.75,0.07003597346592387,0.23832386252244347,0.8956735886104927,1.4625478182715546,0,medium,43,0.3644067796610169,17,101,0.1440677966101695,0.628587312906585,43
168,5,10.0,random,0.7389382788972889,0.75,0.06784509239153554,0.09670811488557263,0.9293944834208928,0.8996460987203834,0,medium,51,0.30357142857142855,16,152,0.09523809523809523,0.675630490137715,45
50,5,10.0,random,0.8927045282920643,0.75,0.04959425920921099,0.2410622049122169,0.8581396510235644,0.24307930498644081,0,spread,19,0.38,7,43,0.14,0.6265585028437904,19
60,5,10.0,random,0.7494181480736346,0.75,0.18001994595125803,0.44574591678036823,0.7996101149813502,0.056914900494651866,0,tight,13,0.21666666666666667,6,54,0.1,0.6715062936967781,13
114,5,10.0,random,0.6936064899740937,0.75,0.037134923509107354,0.11220285896753004,0.9210408841243244,0.3831124446608596,0,tight,31,0.2719298245614035,10,104,0.08771929824561403,0.6835869156750863,31
25,5,10.0,random,0.9730589076930047,0.75,0.03284012881337477,0.14224775592870242,0.9295691887111888,1.973433956226135,0,medium,11,0.44,5,20,0.2,0.5884391613932902,11
195,5,10.0,random,0.7507525290863674,0.75,0.056804337270725785,0.12380490013784293,0.9284866821499611,0.45752120314561684,0,medium,60,0.3076923076923077,17,178,0.08717948717948718,0.6704153573194531,60
63,5,10.0,random,0.7287556287578669,0.75,0.044062693891980566,0.07240754260082574,0.9695650437878156,0.8074784117782143,0,tight,16,0.25396825396825395,8,55,0.12698412698412698,0.6547265003624566,16
85,5,10.0,random,0.7220915047572983,0.75,0.10302789796799279,0.26279254408731584,0.9435391090767982,1.7899486888898444,0,medium,12,0.1411764705882353,5,80,0.058823529411764705,0.6956796120275763,12
120,5,10.0,random,0.8729180222505105,0.75,0.08368834598017759,0.4196789425927502,0.8853101446608637,1.5628725507997006,0,medium,40,0.3333333333333333,13,107,0.10833333333333334,0.6687055003659698,40
111,5,10.0,random,0.7722759801023936,0.75,0.152271321297691,0.2832699365279575,0.9232268257732539,0.9322633417272483,0,spread,33,0.2972972972972973,11,100,0.0990990990990991,0.6765479101096012,33
85,5,10.0,random,0.9606441861436081,0.75,0.059849126743211946,0.1358682335919614,0.934757507048473,0.5272255473592302,0,spread,40,0.47058823529411764,18,67,0.21176470588235294,0.5800402679035166,40
117,5,10.0,random,0.8302013860477451,0.75,0.04940909856554405,0.05086186206138485,0.879241475612075,1.1046357965061115,0,tight,26,0.2222222222222222,5,112,0.042735042735042736,0.7190611613378259,26
133,5,10.0,random,0.7495093234284189,0.75,0.07038920375417539,0.314620546327699,0.8779179220697155,1.715074522887765,0,tight,33,0.24812030075187969,12,121,0.09022556390977443,0.6748237284761486,33
98,5,10.0,random,0.7734018917328277,0.75,0.04911893772761062,0.3219267234589516,0.8541723684546143,1.958357774099816,0,spread,32,0.32653061224489793,11,87,0.11224489795918367,0.6545727227445379,32
174,5,10.0,random,0.9276291302188089,0.75,0.0623886154600279,0.24908152844470385,0.9695989027456329,1.2393221495926794,0,medium,69,0.39655172413793105,19,155,0.10919540229885058,0.6602374306938801,56
127,5,10.0,random,0.6956228050641805,0.75,0.11473596365524048,0.5041910281257656,0.887504283410841,0.3247602675653938,0,spread,28,0.2204724409448819,8,119,0.06299212598425197,0.7043096499648095,28
195,5,10.0,random,0.7245708952098971,0.75,0.10616414250506961,0.14582806519190433,0.8207590221029434,1.7300587855822769,0,medium,53,0.2717948717948718,14,181,0.07179487179487179,0.6962245306007185,48
173,5,10.0,random,0.8574388386568312,0.75,0.033581585810958645,0.2541484530694897,0.9474417372328239,1.240722567731351,1,spread,64,0.3699421965317919,0,173,0.0,0.7544342572289187,36
45,5,10.0,random,0.9245389047676368,0.75,0.12625747038822446,0.3859758006650029,0.9937181859728561,1.4444722553419143,1,tight,18,0.4,0,45,0.0,0.727369159550817,18
96,5,10.0,random,0.9176233136181868,0.75,0.011924190935036695,0.160129541060964,0.971108631140961,0.8606921128016352,0,spread,43,0.4479166666666667,17,79,0.17708333333333334,0.6135515909709752,36
58,5,10.0,random,0.8823678895155159,0.75,0.08374822559483955,0.1902498915031299,0.9027640783547092,0.6878279643861811,0,medium,22,0.3793103448275862,11,47,0.1896551724137931,0.6255441750167473,22
15,5,10.0,random,0.6799026933851056,0.75,0.03661544923601873,0.36029082299213183,0.9422963580233206,0.837526605929116,0,tight,3,0.2,0,15,0.0,0.7329969067776417,3
150,5,10.0,random,0.8624844773367624,0.75,0.06298762509843196,0.7908359600996276,0.9541611790028675,1.1528397098828107,0,medium,44,0.29333333333333333,21,129,0.14,0.6382293649015691,44
187,5,10.0,random,0.99414921075726,0.75,0.16771031276253034,0.20727602238853318,0.9475227631084228,1.595139171860893,0,medium,76,0.40641711229946526,25,162,0.13368983957219252,0.6458088973324029,51
69,5,10.0,random,0.6006641277271791,0.75,0.02800386786099362,0.23908242245368716,0.945304690815139,0.3116143864185872,0,tight,9,0.13043478260869565,3,66,0.043478260869565216,0.6994658990756593,9
39,5,10.0,random,0.7551608474770999,0.75,0.09626346591420878,0.08709324076361384,0.856997369776318,0.21571182083909846,0,spread,13,0.3333333333333333,4,35,0.10256410256410256,0.6917720655849786,13
88,5,10.0,random,0.9949990748446047,0.75,0.15792082198259713,0.3039314766102675,0.9791262751224787,1.5751368709532598,0,tight,27,0.3068181818181818,13,75,0.14772727272727273,0.6392011269643791,27
132,5,10.0,random,0.8512471735256943,0.75,0.1887656281658453,0.14073731822566166,0.9017637611411831,1.9114088614406592,0,spread,46,0.3484848484848485,17,115,0.12878787878787878,0.6470793798453156,46
108,5,10.0,random,0.7296913895030627,0.75,0.12355279980876292,0.6496381465210326,0.8918716156122992,0.11977290945563457,0,medium,34,0.3148148148148148,7,101,0.06481481481481481,0.700556428161427,34
104,5,10.0,random,0.6854863155063304,0.75,0.0813537016183051,0.25446863504645295,0.961276829530213,1.4932830659826704,1,medium,26,0.25,0,104,0.0,0.7516830519911104,26
70,5,10.0,random,0.9873653852920006,0.75,0.11411463065481435,0.21475186512157077,0.8136153676758255,1.689044929746211,0,tight,25,0.35714285714285715,9,61,0.12857142857142856,0.6387872755724461,25
194,5,10.0,random,0.7115671419779548,0.75,0.11092116500234778,0.13848603156344552,0.8812092912869167,1.5315478055069571,0,spread,44,0.2268041237113402,18,176,0.09278350515463918,0.6702732945746991,44
122,5,10.0,random,0.730064641863497,0.75,0.06954772705648968,0.3974666786144632,0.9433454047460506,1.699479049677677,0,medium,33,0.27049180327868855,5,117,0.040983606557377046,0.7304946237543418,33
192,5,10.0,random,0.6844207043725636,0.75,0.21543431594121004,0.3087645934373855,0.8495211393971346,1.084982954512714,0,medium,56,0.2916666666666667,20,172,0.10416666666666667,0.6634277236991512,56
38,5,10.0,random,0.6377381582193337,0.75,0.043711587111537324,0.3905586663477874,0.9220508186993573,1.591225064902067,0,medium,12,0.3157894736842105,3,35,0.07894736842105263,0.6990492633083422,12
46,5,10.0,random,0.7677615730565487,0.75,0.10453777867934298,0.18447897592900506,0.9396456034969486,1.373582084141681,0,medium,13,0.2826086956521739,7,39,0.15217391304347827,0.6449729995050961,13
141,5,10.0,random,0.6648546410934677,0.75,0.06250875877688901,0.08673668645769467,0.8963084840178099,0.1966966136742494,0,tight,34,0.24113475177304963,9,132,0.06382978723404255,0.7029299862663023,34
134,5,10.0,random,0.692635598854747,0.75,0.04115641507296374,0.31074819278883037,0.9577020086768655,1.3698003258234137,0,tight,41,0.30597014925373134,16,118,0.11940298507462686,0.6436437442052896,41
158,5,10.0,random,0.6334738887901966,0.75,0.12071129702904947,0.11475974456793209,0.9470002820271728,0.41153462014507003,1,spread,50,0.31645569620253167,0,158,0.0,0.7499251253614903,47
109,5,10.0,random,0.9973019647671102,0.75,0.06181050153701913,0.5413395681974977,0.8731720584892317,0.6790166985121873,0,tight,40,0.3669724770642202,20,89,0.1834862385321101,0.6103351263496941,40
52,5,10.0,random,0.8423375770555563,0.75,0.10900093756018923,0.4035054975768506,0.9002177494443574,1.803453957020757,0,medium,12,0.23076923076923078,8,44,0.15384615384615385,0.6244742305616383,12
196,5,10.0,random,0.6550748330693568,0.75,0.044086750543495624,0.20367077462121533,0.9147050876385165,1.151565012293668,0,medium,51,0.2602040816326531,8,188,0.04081632653061224,0.7189195942528652,51
93,5,10.0,random,0.8468936051265699,0.75,0.08941476386866397,0.21281714378634037,0.8022692461120673,1.8706414705985046,0,medium,32,0.34408602150537637,14,79,0.15053763440860216,0.6242948309997064,28
87,5,10.0,random,0.611353252150987,0.75,0.02769334733182592,0.33788483431044586,0.940609259405057,1.064743429285694,0,tight,17,0.19540229885057472,4,83,0.04597701149425287,0.701192423804823,17
98,5,10.0,random,0.9871879712964017,0.75,0.06898706226979501,0.4290234480922025,0.9490596496422736,1.5256382418368202,0,spread,55,0.5612244897959183,14,84,0.14285714285714285,0.6389788522638832,30
25,5,10.0,random,0.6369236092321787,0.75,0.10650712630976437,0.04128722655296105,0.9654379403084937,0.6604478732318162,0,medium,4,0.16,1,24,0.04,0.725551478427713,4
54,5,10.0,random,0.685252514804741,0.75,0.01980949388718436,0.26007348801671243,0.9750015361625368,1.3578075326871812,0,medium,14,0.25925925925925924,6,48,0.1111111111111111,0.6721554412424057,14
110,5,10.0,random,0.9850024780040926,0.75,0.0959596082339521,0.5112411181022942,0.9576034446217652,1.5067834927771762,0,tight,49,0.44545454545454544,23,87,0.20909090909090908,0.5737450016549616,49
32,5,10.0,random,0.6772844607533944,0.75,0.19024351275987475,0.044316783137720625,0.9835806235759283,1.0902004128427036,0,tight,9,0.28125,5,27,0.15625,0.6407891539099356,9
163,5,10.0,random,0.7307690999252029,0.75,0.19575706404070328,0.14009633771617985,0.9964241096251454,1.19699095743129,0,spread,52,0.31901840490797545,16,147,0.09815950920245399,0.6752667791551142,33
116,5,10.0,random,0.9243037620910258,0.75,0.0856596818410354,0.39010192379288305,0.9640204930831211,1.2743382589209207,0,tight,51,0.4396551724137931,20,96,0.1724137931034483,0.6176937431612363,49
33,5,10.0,random,0.8967580252320257,0.75,0.05592745261449498,0.29509856664549644,0.8673491516195224,1.1453532714366774,0,spread,10,0.30303030303030304,6,27,0.18181818181818182,0.6261539440469751,10
57,5,10.0,random,0.8339121294251369,0.75,0.15616525967367859,0.540824165822652,0.9177371205396986,0.8848317056523085,0,tight,24,0.42105263157894735,6,51,0.10526315789473684,0.6626490521565862,24
27,5,10.0,random,0.8324999953253231,0.75,0.1533496867369724,0.5686788396317141,0.9407846437500178,1.4633670669456733,0,medium,9,0.3333333333333333,3,24,0.1111111111111111,0.6540901875433588,9
189,5,10.0,random,0.9290175566203018,0.75,0.12233910026186384,0.2459747748354801,0.9303002170572807,0.06857482255804781,0,medium,62,0.328042328042328,28,161,0.14814814814814814,0.630770273519247,50
51,5,10.0,random,0.8400657774264141,0.75,0.046667392007488116,0.42766463290375145,0.9781634828520506,1.433413072674699,1,spread,19,0.37254901960784315,0,51,0.0,0.7511001325100327,19
163,5,10.0,random,0.9271799458617098,0.75,0.11920470610072056,0.3261347559163039,0.9222067922017366,0.4858327318804805,0,spread,56,0.34355828220858897,12,151,0.0736196319018405,0.6912146212386064,32
55,5,10.0,random,0.9913170973762937,0.75,0.04919483074256589,0.38259548126980397,0.9318604071211498,0.17939027885337233,0,tight,21,0.38181818181818183,10,45,0.18181818181818182,0.6234232822912952,21
167,5,10.0,random,0.9014354525956793,0.75,0.10988370604619015,0.36615428419655127,0.9528728456582265,1.7983678393492823,1,tight,49,0.2934131736526946,0,167,0.0,0.7384208592135549,31
122,5,10.0,random,0.8350823088880959,0.75,0.0873061127689962,0.20811553094882018,0.8578150546034405,0.2550017602455408,0,tight,44,0.36065573770491804,11,111,0.09016393442622951,0.6792996818145116,36
108,5,10.0,random,0.7471983931069014,0.75,0.06522258925560377,0.21739459218678017,0.8780009856709577,1.1796096112798051,0,tight,26,0.24074074074074073,8,100,0.07407407407407407,0.670871236517432,26
12,5,10.0,random,0.7874771656135224,0.75,0.08176969187760938,0.05487734020930208,0.9241301375137118,1.3392503465094685,0,medium,3,0.25,1,11,0.08333333333333333,0.683592521308188,3
106,5,10.0,random,0.9092810235138048,0.75,0.17592657334782502,0.2877393445394197,0.7957468118634345,1.4094015467956842,0,spread,35,0.330188679245283,14,92,0.1320754716981132,0.6471036852166914,35
95,5,10.0,random,0.8811080415438448,0.75,0.022025826692274427,0.44895643729286877,0.9241835569822534,0.8352547316561321,0,spread,30,0.3157894736842105,11,84,0.11578947368421053,0.6611998156806899,30
152,5,10.0,random,0.937038341084696,0.75,0.20579207276699044,0.21186144588787717,0.9274786228134835,1.494808041282517,0,spread,64,0.42105263157894735,15,137,0.09868421052631579,0.6776424307731945,49
40,5,10.0,random,0.6026246401623524,0.75,0.0564428888897474,0.14913970464883367,0.9612353105624878,1.5222242299143065,0,medium,8,0.2,3,37,0.075,0.7155977886296873,8
106,5,10.0,random,0.6081751021243227,0.75,0.08000708832157762,0.35613439410558756,0.8870861398000989,0.5771943086575784,0,tight,28,0.2641509433962264,5,101,0.04716981132075472,0.7108630957838241,28
197,5,10.0,random,0.7843205910388769,0.75,0.07637742119260069,0.06176692996350495,0.8252263912713245,0.49413166672575937,0,medium,71,0.3604060913705584,13,184,0.06598984771573604,0.7086963647958391,52
68,5,10.0,random,0.8757189573884145,0.75,0.04807762806631626,0.062114340351808996,0.9059196433491268,0.8914005962369587,0,spread,32,0.47058823529411764,12,56,0.17647058823529413,0.60841407096567,32
139,5,10.0,random,0.8422473651517712,0.75,0.2035534018642093,0.5418767284124374,0.805070780815528,1.1520017631756956,0,medium,36,0.2589928057553957,12,127,0.08633093525179857,0.6674103161673955,36
101,5,10.0,random,0.7633535035881267,0.75,0.10460793201008275,0.01887111986096956,0.9356997676749373,1.4408599859230469,0,spread,34,0.33663366336633666,14,87,0.13861386138613863,0.6397785281540641,34
47,5,10.0,random,0.9504951058525086,0.75,0.0716277475775755,0.3177668801040837,0.9634731246724011,1.1117965873392208,0,medium,19,0.40425531914893614,7,40,0.14893617021276595,0.6503961611599444,19
85,5,10.0,random,0.6353168309241588,0.75,0.1547204389437441,0.2583817046168004,0.8757105084160939,1.262434125626732,0,medium,24,0.2823529411764706,5,80,0.058823529411764705,0.7202612033598641,24
33,5,10.0,random,0.8320841163890534,0.75,0.09812779195504324,0.7252206600743116,0.9497137668896849,0.8696027503630359,0,spread,9,0.2727272727272727,4,29,0.12121212121212122,0.667950108378331,9
25,5,10.0,random,0.6290432762790594,0.75,0.0500363569348661,0.16917162989110227,0.9687941199304899,1.0621911268691635,0,tight,3,0.12,0,25,0.0,0.7659305105509343,3
100,5,10.0,random,0.6868650039467807,0.75,0.08232708298505265,0.6114981272473559,0.8863163668680151,0.4182936285599739,0,medium,31,0.31,6,94,0.06,0.7058049189464165,31
102,5,10.0,random,0.8481594854573368,0.75,0.15624331021449442,0.11072365110653509,0.9386648727198408,1.8510270194741596,0,medium,36,0.35294117647058826,15,87,0.14705882352941177,0.6361244005489107,36
58,5,10.0,random,0.8375746497037996,0.75,0.16983425177946865,0.40888756271580723,0.9048316818608055,0.11941438723242781,0,tight,19,0.3275862068965517,5,53,0.08620689655172414,0.6782980681856104,19
196,5,10.0,random,0.8475517465849551,0.75,0.13824770852919005,0.1382026793567948,0.9085239673502598,1.4531365721564784,0,medium,65,0.33163265306122447,12,184,0.061224489795918366,0.6925638090459,40
113,5,10.0,random,0.7743470105544923,0.75,0.08171032316585043,0.133315457047488,0.8135653969288957,1.0682897051200937,0,spread,35,0.30973451327433627,9,104,0.07964601769911504,0.6842210270687262,35
185,5,10.0,random,0.9818940165964959,0.75,0.014429241224326917,0.4019314681051435,0.9536104907272991,1.007233582923178,0,tight,86,0.4648648648648649,17,168,0.0918918918918919,0.6695633244813401,39
146,5,10.0,random,0.8487711106529139,0.75,0.10628028758904869,0.060994246526777984,0.8793874556123646,1.4734137961955582,0,medium,46,0.3150684931506849,18,128,0.1232876712328767,0.6709691852147207,46
114,5,10.0,random,0.9530386150720609,0.75,0.07473181107784096,0.34671967828388794,0.9386297939207151,0.7626291706266555,0,medium,50,0.43859649122807015,21,93,0.18421052631578946,0.6165636309753955,37
165,5,10.0,random,0.6592070434874701,0.75,0.023359219924103114,0.23007958098290468,0.9610492537429716,0.8557217724710118,0,tight,31,0.18787878787878787,7,158,0.04242424242424243,0.7282490409001222,31
157,5,10.0,random,0.6925615970227408,0.75,0.06644230792963285,0.24199254917467297,0.9944119672528294,1.3473382880359301,0,tight,47,0.29936305732484075,15,142,0.09554140127388536,0.6737981567737348,40
83,5,10.0,random,0.917799776824255,0.75,0.011775321532251914,0.22015675943759075,0.9037907085037897,1.3824359421294825,0,spread,31,0.37349397590361444,14,69,0.1686746987951807,0.624839155898155,31
12,5,10.0,random,0.6321199522726803,0.75,0.0422738526501271,0.3231958642741896,0.9738934622569094,1.444512057416302,0,spread,3,0.25,2,10,0.16666666666666666,0.6195483867477788,3
36,5,10.0,random,0.9519716871251108,0.75,0.09126803390004738,0.3199186131617261,0.9043529929647816,1.8754389579238546,1,tight,15,0.4166666666666667,0,36,0.0,0.7438597997096338,15
141,5,10.0,random,0.9341192029316808,0.75,0.11213444491982182,0.14905898275251275,0.9478484269614493,1.3937330512904456,0,medium,44,0.3120567375886525,20,121,0.14184397163120568,0.6477867813904724,44
150,5,10.0,random,0.7183217761361806,0.75,0.1399207800677611,0.07687079744181946,0.8497788634554535,1.6135161727459766,1,medium,42,0.28,0,150,0.0,0.7548274224489859,42
95,5,10.0,random,0.8255641455872392,0.75,0.14914293329133424,0.13485434876272825,0.932286033399235,1.0630221037816636,0,medium,24,0.25263157894736843,14,81,0.14736842105263157,0.6342188408465658,24
120,5,10.0,random,0.7164585408124688,0.75,0.10834191096064229,0.314766724357065,0.930272196092295,1.3706886157116696,0,spread,41,0.3416666666666667,10,110,0.08333333333333333,0.6876424075506001,39
105,5,10.0,random,0.7263220593980967,0.75,0.02678211281547751,0.11682939758016518,0.9524024227725616,0.6852130675802561,0,spread,24,0.22857142857142856,10,95,0.09523809523809523,0.6745519241870243,24
35,5,10.0,random,0.9797519372289147,0.75,0.04780642469551446,0.19545201434930426,0.9448375506016693,0.6196759698747412,0,tight,13,0.37142857142857144,9,26,0.2571428571428571,0.5468509801666487,13
157,5,10.0,random,0.7303811959918358,0.75,0.10729764893687206,0.2713421561742365,0.9196318159736171,0.5981189943791039,0,medium,38,0.24203821656050956,16,141,0.10191082802547771,0.6697140452017186,38
176,5,10.0,random,0.951404269530469,0.75,0.04959392840318488,0.4900192899116681,0.9685048600800847,0.4451406253749608,0,medium,73,0.4147727272727273,23,153,0.13068181818181818,0.6484595666765522,55
38,5,10.0,random,0.7774627702180854,0.75,0.12021263836897789,0.18864535431776816,0.9674618671904276,1.630446587735035,0,spread,13,0.34210526315789475,7,31,0.18421052631578946,0.6064112000848116,13
144,5,10.0,random,0.7388605103003909,0.75,0.18906480069296258,0.4726337808378492,0.9251211969079102,1.2815790152189033,0,spread,46,0.3194444444444444,15,129,0.10416666666666667,0.6673367382951885,30
19,5,10.0,random,0.8923798761876106,0.75,0.08038453089742563,0.27363063172358193,0.9085520917688181,1.5528511094905397,0,medium,7,0.3684210526315789,2,17,0.10526315789473684,0.696691597984955,7
29,5,10.0,random,0.9250334527546273,0.75,0.0977230582340979,0.2215995757838318,0.8472777662576276,1.9911698251805057,0,spread,10,0.3448275862068966,5,24,0.1724137931034483,0.6267522763214465,10
75,5,10.0,random,0.7645116972136903,0.75,0.0400961162471697,0.36356645122963316,0.9320744744812073,1.0271374062755647,0,medium,28,0.37333333333333335,9,66,0.12,0.6625766841489558,28
77,5,10.0,random,0.8973872611789326,0.75,0.14895943791488267,0.21111303407587734,0.9550290119816969,1.648325374457326,0,tight,21,0.2727272727272727,12,65,0.15584415584415584,0.6257211212144836,21
138,5,10.0,random,0.8493037735520701,0.75,0.07588568673791027,0.30064561423362535,0.9869556977378005,1.2505760108218384,0,tight,41,0.2971014492753623,20,118,0.14492753623188406,0.6271967708376011,41
12,5,10.0,random,0.9597416392198825,0.75,0.07052089180195471,0.39874985929922563,0.8655664423792816,1.2272385437624067,0,tight,3,0.25,0,12,0.0,0.696066004004671,3
66,5,10.0,random,0.8240667424531072,0.75,0.04606972171540879,0.41875437474797034,0.8558953922858006,1.6043829054003316,0,tight,26,0.3939393939393939,11,55,0.16666666666666666,0.6354111176488996,26
118,5,10.0,random,0.6931608652580525,0.75,0.21041464451470424,0.26757427851744015,0.9165157500406462,1.7731255916805584,0,tight,24,0.2033898305084746,9,109,0.07627118644067797,0.6794944306474855,24
142,5,10.0,random,0.7254485920786929,0.75,0.19413376546656738,0.17538459117424082,0.9285579438091425,1.7026337669376679,0,spread,42,0.29577464788732394,13,129,0.09154929577464789,0.677631244287704,42
97,5,10.0,random,0.9822003689317359,0.75,0.021425580184364888,0.2861341391841377,0.9243780260727558,0.08396769337775467,0,spread,43,0.44329896907216493,22,75,0.2268041237113402,0.59929394158107,43
188,5,10.0,random,0.9484069656449393,0.75,0.030169449367263786,0.1796750323984298,0.9478309569753242,1.8521098104811282,0,spread,77,0.4095744680851064,34,154,0.18085106382978725,0.6142051874847635,66
85,5,10.0,random,0.6644747528973242,0.75,0.03127228802546578,0.3722708552642441,0.9972277338475053,1.3544395439376327,0,medium,20,0.23529411764705882,5,80,0.058823529411764705,0.707405451951451,20
143,5,10.0,random,0.9548416824701297,0.75,0.07047099974896069,0.025380605416880135,0.936622530492992,0.983861739117921,0,medium,62,0.43356643356643354,26,117,0.18181818181818182,0.6070555756073596,60
52,5,10.0,random,0.87153506211937,0.75,0.046294463043097846,0.46497533223034226,0.9371692921037287,0.8362286437041733,0,spread,23,0.4423076923076923,7,45,0.1346153846153846,0.637838210381092,23
26,5,10.0,random,0.8014576200412449,0.75,0.07156437964223522,0.3215816862117943,0.9131515247036298,1.6016594484028388,1,medium,11,0.4230769230769231,0,26,0.0,0.7182768575795755,11
16,5,10.0,random,0.6710740268810634,0.75,0.07387960335281392,0.313612477600449,0.9830912112777523,1.353359909108054,0,tight,6,0.375,5,11,0.3125,0.5325170127707569,6
61,5,10.0,random,0.7850565688484235,0.75,0.13550900378297073,0.3257754967486624,0.8110573945483852,0.6368032751660682,0,spread,25,0.4098360655737705,5,56,0.08196721311475409,0.6839930066181604,25
25,5,10.0,random,0.9688102885405653,0.75,0.07743457551985236,0.18215312635229683,0.857783959278169,0.9615884161849011,0,spread,9,0.36,4,21,0.16,0.6098868658057587,9
56,5,10.0,random,0.8259455591920355,0.75,0.132884519990224,0.3230521760678542,0.9126715921727946,0.29108633671840267,0,tight,11,0.19642857142857142,4,52,0.07142857142857142,0.6996132302989354,11
81,5,10.0,random,0.6394066634293086,0.75,0.05402251413261539,0.25471035222420707,0.8579125430815193,1.8196360862433396,1,medium,22,0.2716049382716049,0,81,0.0,0.7354218442228133,22
139,5,10.0,random,0.8579156009757629,0.75,0.036079245752956325,0.30261560002474996,0.9654533617807091,1.4096677463359077,0,medium,53,0.381294964028777,21,118,0.1510791366906475,0.6394327986460822,47
79,5,10.0,random,0.6306788634196645,0.75,0.05051957348094365,0.5083570143049349,0.8631645381102997,0.4391546961329702,0,medium,21,0.26582278481012656,5,74,0.06329113924050633,0.682999562007764,21
130,5,10.0,random,0.8765096096231142,0.75,0.07212355970665062,0.4629378143591714,0.9242642226708316,0.12446099410582079,0,tight,34,0.26153846153846155,16,114,0.12307692307692308,0.653659746660828,34
143,5,10.0,random,0.9843708229226303,0.75,0.09154798123625633,0.3992578730894365,0.8754159861629331,1.9269295715387518,0,tight,45,0.3146853146853147,23,120,0.16083916083916083,0.6274137475412332,45
166,5,10.0,random,0.824545175977825,0.75,0.13535662855167377,0.09327380155342324,0.9922476871741437,1.1315071357179718,0,tight,39,0.23493975903614459,16,150,0.0963855421686747,0.6783959049135015,39
52,5,10.0,random,0.7216509193188846,0.75,0.03830765854817308,0.5614558431492287,0.7895466342092579,1.7482712801079252,0,tight,15,0.28846153846153844,4,48,0.07692307692307693,0.6930086804184433,15
100,5,10.0,random,0.6176090279192873,0.75,0.06358165760051981,0.05697251480224618,0.9415544100139682,0.934495163646841,1,medium,35,0.35,0,100,0.0,0.7486929491420256,35
82,5,10.0,random,0.6571629517350577,0.75,0.09717835381114602,0.3177888874501029,0.7655283567656276,1.5903941127055645,0,medium,22,0.2682926829268293,7,75,0.08536585365853659,0.7011185907011526,22
180,5,10.0,random,0.8472888653535191,0.75,0.011857892262980913,0.20208046169192076,0.8295531391444765,0.7207996138203863,0,spread,72,0.4,20,160,0.1111111111111111,0.6647564927164932,59
84,5,10.0,random,0.7549248178091744,0.75,0.09918893813783389,0.395645873184071,0.8884006867057498,0.984397446699282,0,tight,14,0.16666666666666666,6,78,0.07142857142857142,0.6891490167822122,14
111,5,10.0,random,0.8358575926063765,0.75,0.026214201110395168,0.19858410897482878,0.9450017887672202,0.11048842175670948,0,spread,40,0.36036036036036034,11,100,0.0990990990990991,0.6764585364274679,40
152,5,10.0,random,0.6300477725995818,0.75,0.09735205301794357,0.39152637044879596,0.9828796309289257,0.5495054700754933,0,medium,28,0.18421052631578946,15,137,0.09868421052631579,0.6596809029581852,28
194,5,10.0,random,0.9858221159839645,0.75,0.04159246599897887,0.29003209254423346,0.9478358664780493,1.2192398721523514,0,tight,65,0.33505154639175255,28,166,0.14432989690721648,0.6448967995573306,51
176,5,10.0,random,0.7366996756490105,0.75,0.060131978786156844,0.10924375114789016,0.9680806451911451,0.8875001642490044,0,spread,63,0.35795454545454547,7,169,0.03977272727272727,0.7126679156489966,25
16,5,10.0,random,0.9561172497910669,0.75,0.05640827069876364,0.607510031257417,0.8930233875984177,0.12483687885216166,0,medium,7,0.4375,4,12,0.25,0.6085566554653238,7
22,5,10.0,random,0.710643391493661,0.75,0.01183058175045141,0.29239907939409976,0.8902734376314727,1.5808672689122651,0,spread,7,0.3181818181818182,0,22,0.0,0.7593995756533182,7
39,5,10.0,random,0.626482624201209,0.75,0.1593213023638134,0.49116389476703015,0.9414254865207887,1.5021853356089974,0,tight,5,0.1282051282051282,1,38,0.02564102564102564,0.7126881821563961,5
90,5,10.0,random,0.9652886243292211,0.75,0.1254644821567036,0.42760071534356925,0.9418967452783599,0.1857770980808704,0,medium,36,0.4,13,77,0.14444444444444443,0.6271123384778166,36
85,5,10.0,random,0.7278006484456903,0.75,0.023329610021381984,0.5113631186701524,0.9268873423810952,0.21171180241577714,0,medium,37,0.43529411764705883,16,69,0.18823529411764706,0.6105369861840987,37
185,5,10.0,random,0.8251974767329342,0.75,0.0899137346051498,0.3650388214525139,0.9521067140560247,1.9303949533761342,0,spread,66,0.3567567567567568,22,163,0.11891891891891893,0.6541217336963133,43
69,5,10.0,random,0.8057798557072358,0.75,0.10985822961819171,0.19850180285648086,0.8203656542959284,0.2985880837101218,0,spread,24,0.34782608695652173,7,62,0.10144927536231885,0.6647146977438944,24
135,5,10.0,random,0.6261377205668076,0.75,0.19416699469960327,0.6150025933597629,0.8553039960760095,1.2550800493450567,0,medium,30,0.2222222222222222,5,130,0.037037037037037035,0.7158113067104116,30
40,5,10.0,random,0.9473890434490949,0.75,0.019969640314270298,0.24510202062880282,0.9670374602805192,1.6947795935872758,0,tight,14,0.35,5,35,0.125,0.65514855905577,14
54,5,10.0,random,0.7070721192374338,0.75,0.08399249512237401,0.3209464881318531,0.8771852242165082,0.19307589519809598,0,tight,6,0.1111111111111111,1,53,0.018518518518518517,0.7187855583756706,6
135,5,10.0,random,0.6260396554544667,0.75,0.021570327650214872,0.12694288460452552,0.9573144769458252,1.7490291938637992,0,medium,31,0.22962962962962963,12,123,0.08888888888888889,0.68044496999753,31
74,5,10.0,random,0.9793584192059579,0.75,0.052486374968068815,0.267574126134595,0.9072273947342342,0.8980432535422256,0,spread,28,0.3783783783783784,13,61,0.17567567567567569,0.6136243181984697,28
172,5,10.0,random,0.671772452918368,0.75,0.012790846591801354,0.3946512770285382,0.8769149581144269,0.7805632018675013,0,medium,45,0.2616279069767442,11,161,0.06395348837209303,0.702042351656005,45
154,5,10.0,random,0.6959869303873881,0.75,0.06470381980191763,0.08686642310119476,0.8349610984075928,0.6421957456334351,0,spread,53,0.34415584415584416,9,145,0.05844155844155844,0.6961505785449422,35
99,5,10.0,random,0.8572518042687811,0.75,0.07280851311265467,0.246850763711895,0.9103466718663569,1.9056237782717362,0,tight,27,0.2727272727272727,14,85,0.1414141414141414,0.6394092151752296,27
146,5,10.0,random,0.7981581832250785,0.75,0.0265172527830409,0.06697738758009289,0.9918831608513632,1.1838329715978095,0,tight,46,0.3150684931506849,17,129,0.11643835616438356,0.6592420728513099,40
160,5,10.0,random,0.8701825380045533,0.75,0.12233901894379184,0.2779796626845191,0.8653973394594234,0.6444473099241661,0,tight,46,0.2875,9,151,0.05625,0.6988729319551974,46
120,5,10.0,random,0.7114237214079221,0.75,0.05956645788014241,0.38363054579694184,0.9565537434257909,0.4916386690041503,0,medium,40,0.3333333333333333,13,107,0.10833333333333334,0.6556158515200174,40
68,5,10.0,random,0.6098721566082713,0.75,0.03959404139837002,0.5631269217146054,0.9464376088863683,0.8638343659599226,0,tight,17,0.25,6,62,0.08823529411764706,0.6431884867367058,17
196,5,10.0,random,0.855946387837576,0.75,0.037625115810497316,0.019530705778020838,0.9366649229003942,1.780284843696724,0,medium,58,0.29591836734693877,15,181,0.07653061224489796,0.6812725156448165,45
193,5,10.0,random,0.7696594910121566,0.75,0.08962997360064452,0.2610928062253355,0.8718358296438132,1.0639692299901233,0,medium,59,0.30569948186528495,13,180,0.06735751295336788,0.6988020285815754,59
126,5,10.0,random,0.7842635836608828,0.75,0.07750685034136852,0.4914506104877251,0.8956653801346389,0.06268072633132227,0,tight,39,0.30952380952380953,12,114,0.09523809523809523,0.673676091542471,39
116,5,10.0,random,0.9996653083326927,0.75,0.025525174531017804,0.41064441692252984,0.7940153831514267,1.8577585733873156,0,tight,47,0.4051724137931034,18,98,0.15517241379310345,0.6285324055467517,43
117,5,10.0,random,0.9801019194349903,0.75,0.1159986763393558,0.19340572981120527,0.9098092976144883,0.8676881027093517,0,tight,38,0.3247863247863248,17,100,0.1452991452991453,0.6470238815244191,38
117,5,10.0,random,0.8396445105305657,0.75,0.04973902215835193,0.4220618939818316,0.8992748471207082,0.01164165924160443,1,spread,41,0.3504273504273504,0,117,0.0,0.753340007707545,41
73,5,10.0,random,0.9087805703451544,0.75,0.0515234230162942,0.28433499761076747,0.963949317108475,1.7062239854941246,0,spread,33,0.4520547945205479,9,64,0.1232876712328767,0.6424128830830182,33
42,5,10.0,random,0.9117871318345143,0.75,0.10110706955861823,0.012725056121458815,0.882712214255606,1.2788107950001215,0,medium,13,0.30952380952380953,7,35,0.16666666666666666,0.6178536441663546,13
46,5,10.0,random,0.6440894204756491,0.75,0.04665088376257556,0.3739117641546208,0.9789944867769012,1.511256953404425,0,tight,9,0.1956521739130435,2,44,0.043478260869565216,0.7048781207608478,9
146,5,10.0,random,0.7230281683315726,0.75,0.08090824695800083,0.41958358885593744,0.9016582053566381,0.056007527312711414,0,tight,34,0.2328767123287671,8,138,0.0547945205479452,0.7121923818187076,34
92,5,10.0,random,0.6631392194494607,0.75,0.05650003524276598,0.21753968463160114,0.9501266424661323,0.28411377263126925,1,medium,25,0.2717391304347826,0,92,0.0,0.7451974968070251,25
46,5,10.0,random,0.6940413161617394,0.75,0.03164967948255114,0.5708373745833585,0.909064538946331,0.7541628025595142,0,medium,6,0.13043478260869565,3,43,0.06521739130434782,0.6905035125399133,6
112,5,10.0,random,0.6026211779323155,0.75,0.07284501280793387,0.3405084386884052,0.9093826891170389,1.0248153375798579,1,tight,25,0.22321428571428573,0,112,0.0,0.7331364175126032,25
14,5,10.0,random,0.9248676909465176,0.75,0.10595154264969017,0.35669049128939484,0.8561162053848914,1.3621853250853604,0,tight,4,0.2857142857142857,0,14,0.0,0.7240677893131087,4
177,5,10.0,random,0.8383891198484641,0.75,0.04833338804475264,0.3309659868598156,0.9400749499879144,1.443760838228989,0,tight,63,0.3559322033898305,10,167,0.05649717514124294,0.7076063763516134,34
116,5,10.0,random,0.7620965808866927,0.75,0.14749094642548274,0.38118003974675346,0.8672737925722314,1.3749888036487221,0,medium,27,0.23275862068965517,11,105,0.09482758620689655,0.6765667426853219,27
51,5,10.0,random,0.6697606302935267,0.75,0.13879158200147412,0.02409877510490789,0.9517970426724025,0.50585193739319,1,medium,12,0.23529411764705882,0,51,0.0,0.7096433677793778,12
158,5,10.0,random,0.6009862262847027,0.75,0.0502862189628665,0.3331135343877453,0.8378630283188884,1.7052204260407546,0,spread,37,0.23417721518987342,10,148,0.06329113924050633,0.712077473197596,37
31,5,10.0,random,0.6704601381957082,0.75,0.04833535762894603,0.15169286870569715,0.9693983452902866,1.153530057341934,0,medium,9,0.2903225806451613,5,26,0.16129032258064516,0.6423552949711623,9
89,5,10.0,random,0.7917921048390721,0.75,0.05383482492857645,0.22261530822920567,0.8270658029114499,0.5115188439503653,0,tight,24,0.2696629213483146,8,81,0.0898876404494382,0.6919319138496289,24
172,5,10.0,random,0.8331551648716844,0.75,0.03140848513430719,0.19325501503281112,0.867094154440561,0.38820745817017555,0,medium,62,0.36046511627906974,12,160,0.06976744186046512,0.6814617526439832,34
54,5,10.0,random,0.8919695148820952,0.75,0.07816388579237586,0.5729405195314975,0.9181997654888567,1.5193547139121921,0,tight,13,0.24074074074074073,3,51,0.05555555555555555,0.7000839690556868,13
44,5,10.0,random,0.8562050141188099,0.75,0.06694754202417974,0.1330084132524839,0.7757654921892305,1.5676031652246123,0,medium,16,0.36363636363636365,7,37,0.1590909090909091,0.6384614759648299,16
70,5,10.0,random,0.9620687335558286,0.75,0.1700271832375471,0.23673386876570815,0.8757938010374204,1.9404885897014033,0,spread,28,0.4,10,60,0.14285714285714285,0.6324559136884835,28
174,5,10.0,random,0.8417535173801393,0.75,0.08037150436921822,0.4688410272342226,0.9665158699824145,0.3557608867301443,0,spread,77,0.4425287356321839,13,161,0.07471264367816093,0.6893642478893554,43
28,5,10.0,random,0.784443532239734,0.75,0.09582019599734086,0.15177190117858738,0.913390115428848,0.08645962703768517,0,spread,13,0.4642857142857143,4,24,0.14285714285714285,0.6458100258286524,13
147,5,10.0,random,0.7130861771214027,0.75,0.08329703321835588,0.2355988102147727,0.889135238879812,0.5954843861371899,1,spread,55,0.3741496598639456,0,147,0.0,0.7487594190796408,42
122,5,10.0,random,0.6788534855264512,0.75,0.05845496839941825,0.3786911835703772,0.8854849313190806,0.8634592742555327,0,tight,27,0.22131147540983606,6,116,0.04918032786885246,0.7035609596830061,27
31,5,10.0,random,0.6569926716891837,0.75,0.21401273135735152,0.1012400149999159,0.9097725089882223,1.6135132492885167,0,tight,7,0.22580645161290322,5,26,0.16129032258064516,0.6538447747755192,7
32,5,10.0,random,0.6748806185484616,0.75,0.04036209349215227,0.3165911326779008,0.9501805595699088,1.1459355054926676,0,tight,6,0.1875,3,29,0.09375,0.675954144153064,6
168,5,10.0,random,0.7967298218779151,0.75,0.09639630711173922,0.5331649227159541,0.9550897261007296,0.3772605682313992,0,spread,59,0.35119047619047616,13,155,0.07738095238095238,0.6950069300965096,43
100,5,10.0,random,0.6101952436626845,0.75,0.0702957659006749,0.03563659648467155,0.9738354101134445,0.9630423972697284,0,medium,20,0.2,6,94,0.06,0.6989780948988548,20
197,5,10.0,random,0.7946924984698496,0.75,0.15522062922339738,0.4071264099473972,0.8302495292926798,1.2056560933041776,0,tight,56,0.28426395939086296,14,183,0.07106598984771574,0.7044730207232563,41
114,5,10.0,random,0.6152514711322112,0.75,0.11397292541342291,0.4408142798422253,0.8997945956544078,0.7325496573730383,0,medium,28,0.24561403508771928,9,105,0.07894736842105263,0.6905637891381947,28
45,5,10.0,random,0.686943489841136,0.75,0.05524968329717558,0.07016781081028187,0.8635113677308495,1.313349930055174,0,spread,15,0.3333333333333333,5,40,0.1111111111111111,0.6640040424249676,15
69,5,10.0,random,0.7338492006337995,0.75,0.02776232931116337,0.17679424811262076,0.9178224038170912,1.5534360379162628,0,medium,21,0.30434782608695654,9,60,0.13043478260869565,0.6476985365587845,21
195,5,10.0,random,0.6598886359830626,0.75,0.06790949103368983,0.10314810153446884,0.9044811778517998,0.4026585919706307,0,medium,50,0.2564102564102564,20,175,0.10256410256410256,0.6712676253709633,50
50,5,10.0,random,0.7499488513412271,0.75,0.04805971001807997,0.08422235207145687,0.9216381132506302,1.8520831511714277,0,spread,12,0.24,4,46,0.08,0.6699484706225745,12
116,5,10.0,random,0.607991136163769,0.75,0.12909267560907395,0.6521102419178336,0.9950267990736907,0.5472267195231946,0,spread,27,0.23275862068965517,7,109,0.0603448275862069,0.7030796728360705,27
137,5,10.0,random,0.7150337587327842,0.75,0.06468627675664294,0.6053603237248824,0.927598817979672,1.4231193444911703,0,medium,36,0.26277372262773724,12,125,0.08759124087591241,0.6824970685344951,36
108,5,10.0,random,0.6625495359510586,0.75,0.04386216790232956,0.17988158015816605,0.9661718895274738,1.8832032470782876,0,spread,36,0.3333333333333333,11,97,0.10185185185185185,0.6688912941630174,36
98,5,10.0,random,0.7913575990193863,0.75,0.14669972496816214,0.4522724467802895,0.9485871963467182,0.01634728795961804,0,tight,26,0.2653061224489796,11,87,0.11224489795918367,0.6503671693221766,26
181,5,10.0,random,0.6590648023069842,0.75,0.025091998332876,0.3342644273752166,0.9653063231337373,1.9567488823689962,0,spread,52,0.287292817679558,13,168,0.0718232044198895,0.6986911705280252,32
115,5,10.0,random,0.9538264030101214,0.75,0.15933215054543942,0.10148004762028139,0.951503924022575,0.28151147317083325,0,spread,44,0.3826086956521739,20,95,0.17391304347826086,0.6106518971072047,44
43,5,10.0,random,0.9036461379295417,0.75,0.1048249553200888,0.23446020284906377,0.9211431662774141,0.9665287674556062,0,tight,16,0.37209302325581395,10,33,0.23255813953488372,0.5743183438115702,16
16,5,10.0,random,0.745904166941016,0.75,0.08070605470381317,0.101401838589212,0.9582564891811756,1.4756207571267759,0,medium,7,0.4375,3,13,0.1875,0.5984714556231715,7
80,5,10.0,random,0.9144610482336557,0.75,0.15827397426626197,0.41022050472967364,0.884160238168541,0.08059864862172783,0,medium,25,0.3125,9,71,0.1125,0.6633837058187205,25
179,5,10.0,random,0.973696414867693,0.75,0.0476518851081972,0.25449104451373655,0.9440569255135803,0.9000504363917794,0,spread,74,0.4134078212290503,27,152,0.15083798882681565,0.6416502766813572,53
87,5,10.0,random,0.643250727236545,0.75,0.039489818591496965,0.2319153463969617,0.9321685465253347,0.9188786547227559,0,medium,27,0.3103448275862069,6,81,0.06896551724137931,0.7010866056418432,27
112,5,10.0,random,0.8224606098321339,0.75,0.1965780461951222,0.2082295316991121,0.8438659930619641,0.25364680199991385,0,tight,27,0.24107142857142858,10,102,0.08928571428571429,0.6803520069479311,27
47,5,10.0,random,0.7682692999098268,0.75,0.2365909433986658,0.2000325670959695,0.960188275857808,1.1144658020784468,0,spread,11,0.23404255319148937,5,42,0.10638297872340426,0.6809604875782357,11
44,5,10.0,random,0.6654263219177247,0.75,0.1723622956384991,0.06429384499174404,0.940959849522942,1.677171769672618,0,medium,12,0.2727272727272727,2,42,0.045454545454545456,0.7107938962812302,12
61,5,10.0,random,0.9860591774818892,0.75,0.06589242834853637,0.287453644084992,0.9487957900676173,0.9951858876478448,0,tight,20,0.32786885245901637,10,51,0.16393442622950818,0.627993020002834,20
139,5,10.0,random,0.9269658740638157,0.75,0.04158988359767508,0.034470646795635114,0.9506729129028458,1.3509227242822759,0,spread,60,0.4316546762589928,26,113,0.18705035971223022,0.6102426318375733,60
187,5,10.0,random,0.6717524508421672,0.75,0.057509815728630655,0.1565671118577699,0.9464282093129599,0.7510067199818196,0,spread,60,0.32085561497326204,12,175,0.06417112299465241,0.6926766129606675,39
91,5,10.0,random,0.7205222134235844,0.75,0.0600240519572162,0.7112328692329154,0.9529778369184392,1.9099466573150128,0,tight,22,0.24175824175824176,10,81,0.10989010989010989,0.6576847021226857,22
10,5,10.0,random,0.9871545130698431,0.75,0.08647508968852217,0.1529057175924772,0.9577649331857219,1.399670690801325,0,spread,3,0.3,0,10,0.0,0.8087665240775509,3
86,5,10.0,random,0.7485252245761745,0.75,0.1115676242013922,0.48974140296300606,0.934432258397071,1.5356755107232858,0,medium,21,0.2441860465116279,6,80,0.06976744186046512,0.6932225833525755,21
180,5,10.0,random,0.8966039680917337,0.75,0.05297907495705798,0.5346463818998282,0.9063813564130867,0.12885996435043068,0,tight,56,0.3111111111111111,27,153,0.15,0.626199564741004,56
71,5,10.0,random,0.6033155981153688,0.75,0.07356073073513578,0.5253827141311632,0.9199864421921184,0.8038636210190535,0,spread,23,0.323943661971831,8,63,0.11267605633802817,0.6691583969842715,23
148,5,10.0,random,0.694487537734502,0.75,0.02667472908379024,0.16278967105504363,0.9407708177633466,0.7150386310363048,0,spread,40,0.2702702702702703,14,134,0.0945945945945946,0.6722276235859294,26
163,5,10.0,random,0.7193062901737695,0.75,0.13771500173877246,0.16707608695537768,0.8967579402242792,0.2718935775816378,0,tight,39,0.2392638036809816,14,149,0.08588957055214724,0.6792700745143032,39
64,5,10.0,random,0.6233952761452185,0.75,0.060024317439050505,0.0492590382766764,0.8733716758666616,0.9381908892957287,0,spread,8,0.125,1,63,0.015625,0.7492127432649615,8
67,5,10.0,random,0.9255335799114706,0.75,0.0648959973476921,0.5639324816822298,0.8796656328674665,1.6696172258557997,0,spread,35,0.5223880597014925,8,59,0.11940298507462686,0.668097517188563,35
139,5,10.0,random,0.9711368932873612,0.75,0.11176452409795441,0.12973983175748074,0.9859156413913573,1.5481790498270922,0,medium,60,0.4316546762589928,25,114,0.17985611510791366,0.6262974887157142,52
73,5,10.0,random,0.9270620764157463,0.75,0.015095736864052828,0.6810638787046367,0.9166183438924549,1.1958264354734511,1,spread,36,0.4931506849315068,0,73,0.0,0.7626163983801284,36
49,5,10.0,random,0.7327769289203698,0.75,0.0028110510133804944,0.44228671328094415,0.9933263877170686,1.6778314015769147,0,spread,19,0.3877551020408163,9,40,0.1836734693877551,0.6083606748805881,19
168,5,10.0,random,0.7292595873741934,0.75,0.18494486576014502,0.13980908842224177,0.9575054655471673,0.1402248338370229,0,spread,54,0.32142857142857145,22,146,0.13095238095238096,0.6537280307367185,54
191,5,10.0,random,0.7921175250469782,0.75,0.11306633953803157,0.15010757513388856,0.9652231882120355,0.062151273712394595,0,tight,50,0.2617801047120419,11,180,0.05759162303664921,0.7105467131616819,37
23,5,10.0,random,0.8032906895443207,0.75,0.07395234827231899,0.35414779159585374,0.8743136677536101,0.8126424258515048,0,tight,11,0.4782608695652174,6,17,0.2608695652173913,0.5347391136205587,11
184,5,10.0,random,0.68427324187852,0.75,0.048576863127020566,0.2893053137802808,0.8607321602072072,1.9198230799457365,0,medium,44,0.2391304347826087,12,172,0.06521739130434782,0.6953257090940405,41
69,5,10.0,random,0.7513412484596534,0.75,0.0707733168003234,0.1651951141278867,0.9766709142786104,0.23868140879125055,0,tight,18,0.2608695652173913,7,62,0.10144927536231885,0.6704004725163285,18
183,5,10.0,random,0.8916796948108987,0.75,0.1864502831060849,0.2008837931984162,0.8929503361185814,1.452683927065569,0,spread,62,0.33879781420765026,18,165,0.09836065573770492,0.6726700230875017,39
107,5,10.0,random,0.8258341583870246,0.75,0.03285244378564214,0.4052542799227226,0.9534674580590627,1.924736161934764,0,tight,40,0.37383177570093457,25,82,0.2336448598130841,0.5608957864721229,40
64,5,10.0,random,0.9591769240943194,0.75,0.045174415621750105,0.35335075460050475,0.930623520245004,1.1969913703052633,0,medium,29,0.453125,10,54,0.15625,0.6224291466030758,29
30,5,10.0,random,0.9571326519518588,0.75,0.10321658565280628,0.2866381535471411,0.9204021217135062,1.8753517543064362,1,spread,14,0.4666666666666667,0,30,0.0,0.7315324458565954,14
123,5,10.0,random,0.7279656138758656,0.75,0.07722928076675063,0.07250642665651656,0.7852044551663883,0.5724595615495154,0,tight,41,0.3333333333333333,13,110,0.10569105691056911,0.6605361947946311,41
48,5,10.0,random,0.6080117215758981,0.75,0.048273102732025175,0.3903659195695731,0.8762896639789882,1.06890098402999,0,medium,10,0.20833333333333334,3,45,0.0625,0.7192985381848199,10
159,5,10.0,random,0.6502202160415521,0.75,0.08654679653471485,0.17773447628289948,0.9200069918359799,0.35497954024383227,0,medium,40,0.25157232704402516,13,146,0.08176100628930817,0.6883543742886338,40
102,5,10.0,random,0.843075084775757,0.75,0.009323878104506808,0.35229867941050647,0.9062785266893728,1.7150761934399361,0,medium,34,0.3333333333333333,14,88,0.13725490196078433,0.6566646157968425,34
172,5,10.0,random,0.8224018692230239,0.75,0.13304585706131886,0.3629921643014186,0.9451236155105559,0.09692582443732878,0,tight,51,0.29651162790697677,25,147,0.14534883720930233,0.6545116755814053,51
92,5,10.0,random,0.6709137616717158,0.75,0.03477314166166352,0.24022531926072405,0.9261869854587548,0.29083873259345827,0,medium,15,0.16304347826086957,8,84,0.08695652173913043,0.6662657918331472,15
122,5,10.0,random,0.9987840174763272,0.75,0.08226953040400051,0.13486612827556937,0.9659195176280868,0.06215351864748797,0,medium,40,0.32786885245901637,17,105,0.13934426229508196,0.6518152835471176,31
113,5,10.0,random,0.9674998513484909,0.75,0.06718564863057601,0.08848663330516388,0.9523162667330106,1.6549246111671396,0,tight,39,0.34513274336283184,16,97,0.1415929203539823,0.6389967428664948,39
169,5,10.0,random,0.7735435474120513,0.75,0.17896150639073974,0.22184729789144358,0.9646348370937583,1.6908976134985634,0,spread,52,0.3076923076923077,19,150,0.11242603550295859,0.6688746243404664,49
86,5,10.0,random,0.9482812279573744,0.75,0.06890220134529462,0.1016764212643716,0.9096368580212524,1.4859885133166733,0,tight,38,0.4418604651162791,18,68,0.20930232558139536,0.5902130133395999,38
167,5,10.0,random,0.6246443261013663,0.75,0.10588228560363488,0.40825863656392125,0.9471413490301401,1.801992821545441,0,spread,43,0.25748502994011974,17,150,0.10179640718562874,0.662583979433553,43
31,5,10.0,random,0.9563560104025378,0.75,0.12262829295761365,0.13930239907888559,0.9173043815967483,0.41343415442818165,0,spread,15,0.4838709677419355,7,24,0.22580645161290322,0.5691287991690561,15
82,5,10.0,random,0.8056430829013029,0.75,0.09545748388096129,0.296115117908943,0.7929098258132999,0.2989596916082504,0,medium,24,0.2926829268292683,10,72,0.12195121951219512,0.6706087713731557,24
150,5,10.0,random,0.9828899463021196,0.75,0.019942539550912065,0.29245987904215615,0.9112173161818058,0.5442038419416775,0,medium,64,0.4266666666666667,14,136,0.09333333333333334,0.6662856385954167,32
81,5,10.0,random,0.9002024826872883,0.75,0.021123456439975943,0.208146590914848,0.8962356944736933,1.2490885942007264,0,medium,29,0.35802469135802467,15,66,0.18518518518518517,0.6067497638707742,29
182,5,10.0,random,0.7277872383077906,0.75,0.19488613910140504,0.30979359043129695,0.9737612835990497,1.6234905169934961,0,medium,39,0.21428571428571427,16,166,0.08791208791208792,0.6866624654369958,39
159,5,10.0,random,0.6863046152279894,0.75,0.19949030086503505,0.20030650313070023,0.8906705386221955,0.6946533755236461,0,medium,39,0.24528301886792453,9,150,0.05660377358490566,0.7022288893781163,39
161,5,10.0,random,0.979695436818744,0.75,0.10403807068583074,0.06728596737933923,0.9024345897532158,0.5000718394751993,0,spread,61,0.37888198757763975,22,139,0.13664596273291926,0.6407639276049859,48
136,5,10.0,random,0.666781700073691,0.75,0.03670736160766776,0.17051893083893765,0.919528558873631,0.7706996464613538,1,tight,37,0.27205882352941174,0,136,0.0,0.7391333612173285,37
91,5,10.0,random,0.9269504902956778,0.75,0.10457849184712076,0.10134315755113513,0.8957287553558568,1.1864269937020624,0,spread,37,0.4065934065934066,11,80,0.12087912087912088,0.6577508058683823,37
73,5,10.0,random,0.6219888068911502,0.75,0.18543061404963165,0.5024404200352723,0.9040368756438076,0.21540119667287483,0,medium,13,0.1780821917808219,3,70,0.0410958904109589,0.7299163389884695,13
189,5,10.0,random,0.8032172841928582,0.75,0.1135321182265954,0.3450238688830935,0.9595189669324684,1.762618011571074,0,tight,54,0.2857142857142857,16,173,0.08465608465608465,0.6798675068259212,47
49,5,10.0,random,0.7800884531743333,0.75,0.09951027038196777,0.2935648484671939,0.8992796284101767,0.41870606179425907,0,medium,11,0.22448979591836735,4,45,0.08163265306122448,0.6704651444418535,11
29,5,10.0,random,0.7208277331636636,0.75,0.06242157651483335,0.118418495645253,0.9843693834323829,1.1901036709241215,0,medium,11,0.3793103448275862,5,24,0.1724137931034483,0.5970817856789525,11
147,5,10.0,random,0.7936412829037809,0.75,0.07226004122730299,0.273894292398841,0.8980654181770144,1.0003503941175207,1,tight,48,0.32653061224489793,0,147,0.0,0.7406265265778728,38
97,5,10.0,random,0.951339055743608,0.75,0.03926775816238575,0.1011870800571976,0.8524879135360068,1.3706974650419192,0,spread,56,0.5773195876288659,14,83,0.14432989690721648,0.6435487210435785,37
83,5,10.0,random,0.7863539792952303,0.75,0.09652310512836304,0.5439227398091169,0.8864111491098854,0.3122595702238178,0,spread,30,0.3614457831325301,11,72,0.13253012048192772,0.6529944501634846,30
83,5,10.0,random,0.9998102461833019,0.75,0.05822023430605245,0.1710096558652383,0.9301172184692972,0.8720141796426462,0,spread,39,0.46987951807228917,16,67,0.1927710843373494,0.592215143647074,39
128,5,10.0,random,0.7242391117381108,0.75,0.06021208372918494,0.09377750370779449,0.9195882120357977,0.10457566879347047,0,medium,29,0.2265625,12,116,0.09375,0.664388617704819,29
18,5,10.0,random,0.6232337084707033,0.75,0.11224413755552155,0.09716434890725,0.9567962758002662,1.6236610589705993,0,tight,5,0.2777777777777778,4,14,0.2222222222222222,0.593594453901756,5
199,5,10.0,random,0.7313070754887833,0.75,0.04490704595665314,0.4452085683702262,0.9077969866515135,0.5181381920268042,0,spread,69,0.34673366834170855,12,187,0.06030150753768844,0.6994725898588194,41
42,5,10.0,random,0.675364702806263,0.75,0.11667741909386684,0.2374266605274967,0.8107708824987314,1.923007367650898,0,tight,9,0.21428571428571427,3,39,0.07142857142857142,0.7030836459247004,9
136,5,10.0,random,0.6028790156812831,0.75,0.07123726736047296,0.21844962209156119,0.94193342794667,1.8881086153539413,0,spread,38,0.27941176470588236,8,128,0.058823529411764705,0.7053739137240805,38
145,5,10.0,random,0.9118267854414165,0.75,0.05170178749217679,0.38957749702481637,0.909682434243505,0.5560267865041284,0,spread,57,0.3931034482758621,14,131,0.09655172413793103,0.672710759524867,37
147,5,10.0,random,0.6222494741174289,0.75,0.1149461473968234,0.30984911047879554,0.8885774048836177,0.5502838962786816,0,tight,35,0.23809523809523808,10,137,0.06802721088435375,0.698356959544665,34
68,5,10.0,random,0.6214980569100824,0.75,0.118575800947268,0.2583221021573391,0.9627909626207403,0.7138887242340874,0,tight,10,0.14705882352941177,2,66,0.029411764705882353,0.7199614503106221,10
127,5,10.0,random,0.6118060031990303,0.75,0.07846814560478864,0.489805141448445,0.9846316595459128,1.627341234051618,1,spread,31,0.2440944881889764,0,127,0.0,0.7555202611888929,31
63,5,10.0,random,0.7237384419014117,0.75,0.06095454723665987,0.3399913697203605,0.942243472102013,0.6180348333937697,0,spread,14,0.2222222222222222,5,58,0.07936507936507936,0.6959063917062615,14
75,5,10.0,random,0.8242311047080773,0.75,0.0818147783253211,0.14768196405213357,0.8727195803312306,1.4350984290227882,0,medium,22,0.29333333333333333,6,69,0.08,0.6979954789953646,22
24,5,10.0,random,0.7363992160447501,0.75,0.04189766511217787,0.17968762807151303,0.853544726526642,1.005601208839657,0,tight,9,0.375,4,20,0.16666666666666666,0.6197736093507642,9
196,5,10.0,random,0.810037400652339,0.75,0.10399125301593666,0.14204933682991522,0.930824761271634,0.906333510796177,0,medium,64,0.32653061224489793,9,187,0.04591836734693878,0.7169576380458726,33
126,5,10.0,random,0.8497453136657341,0.75,0.06774179351016156,0.6152578448497062,0.9453179080553581,0.12900334981082606,1,spread,52,0.4126984126984127,0,126,0.0,0.7362983682604467,40
32,5,10.0,random,0.8236698163460328,0.75,0.05414236205782772,0.3891374681149637,0.9559081628091324,1.6760820937337326,0,tight,12,0.375,5,27,0.15625,0.629840923763886,12
168,5,10.0,random,0.6026457273539254,0.75,0.0440174263902516,0.12421280331595483,0.8658023240833387,0.8070427393816004,0,spread,36,0.21428571428571427,4,164,0.023809523809523808,0.7368850967136217,36
158,5,10.0,random,0.8827287209787953,0.75,0.0423512298389983,0.3520135384608545,0.9332818260277881,1.8917161350989176,0,tight,57,0.36075949367088606,18,140,0.11392405063291139,0.6585569755665021,37
97,5,10.0,random,0.6275533748041029,0.75,0.04293011870728892,0.5087830035158273,0.8438529479463794,1.8913456549151644,0,spread,36,0.3711340206185567,8,89,0.08247422680412371,0.6859490844302573,36
173,5,10.0,random,0.6291873971899239,0.75,0.11998888221818715,0.1783225298866872,0.9663477236685363,1.9628449194015343,0,spread,41,0.23699421965317918,14,159,0.08092485549132948,0.6954625211060962,41
68,5,10.0,random,0.8668176324338306,0.75,0.07702691183950651,0.40307544584079785,0.9539761397465938,0.2762235926268368,0,spread,26,0.38235294117647056,10,58,0.14705882352941177,0.6425959793634866,26
152,5,10.0,random,0.7878859976168522,0.75,0.06421526217908184,0.15087718353326743,0.9415242881884129,0.8479565636136903,0,spread,55,0.3618421052631579,16,136,0.10526315789473684,0.6774736902781561,44
105,5,10.0,random,0.8048490429501242,0.75,0.05331340004770701,0.4983313799956134,0.9229213504947371,0.06908731501003529,0,tight,33,0.3142857142857143,13,92,0.12380952380952381,0.6636284236916172,33
102,5,10.0,random,0.9665724697389697,0.75,0.041430555453884764,0.37141475199762103,0.8673959530852886,1.8728631874201693,0,tight,41,0.4019607843137255,17,85,0.16666666666666666,0.62308800273606,39
98,5,10.0,random,0.9607054825718853,0.75,0.10983811501226355,0.14336375352164854,0.9567593532624016,0.014751498257541407,0,spread,34,0.3469387755102041,14,84,0.14285714285714285,0.6504408700126761,24
180,5,10.0,random,0.9350341538927949,0.75,0.08810857365113929,0.2637617368568208,0.8277328232332138,0.13586206681008428,0,medium,68,0.37777777777777777,7,173,0.03888888888888889,0.7023198643109368,36
165,5,10.0,random,0.8480401939451537,0.75,0.13675960488904568,0.7047582679406665,0.8972088885458885,0.5086205670028221,0,tight,53,0.3212121212121212,21,144,0.12727272727272726,0.642791005616986,53
79,5,10.0,random,0.7239670261487936,0.75,0.1611060348156579,0.233561804563691,0.9285251938932071,0.41316012821227766,0,medium,22,0.27848101265822783,4,75,0.05063291139240506,0.7114633897179343,22
115,5,10.0,random,0.9999194428142684,0.75,0.07324162691687412,0.48157440097699594,0.9468559510943027,1.0225438333703265,0,spread,54,0.46956521739130436,15,100,0.13043478260869565,0.6481291526329992,32
15,5,10.0,random,0.9803629766933329,0.75,0.11386581343582021,0.5412452439380285,0.9326875462487942,0.5998286719076149,0,spread,4,0.26666666666666666,2,13,0.13333333333333333,0.6147689404313618,4
168,5,10.0,random,0.9495530154134172,0.75,0.04012881865771318,0.1343254571467162,0.924887657970423,1.428701844782707,0,tight,61,0.3630952380952381,17,151,0.10119047619047619,0.6762235617070919,48
21,5,10.0,random,0.7370215970412144,0.75,0.13813348551197946,0.27398200982418563,0.967894865783208,0.18357591136426188,0,tight,6,0.2857142857142857,0,21,0.0,0.750032860404271,6
174,5,10.0,random,0.7431304808105259,0.75,0.07143535657906785,0.799542632496867,0.9451314857557209,0.5492535344980083,0,spread,60,0.3448275862068966,15,159,0.08620689655172414,0.6834615116882657,45
52,5,10.0,random,0.7007931327152929,0.75,0.09477672490647572,0.25836483188639947,0.8840017291012754,0.7473812169371796,0,medium,16,0.3076923076923077,5,47,0.09615384615384616,0.6961477291006062,16
35,5,10.0,random,0.6312253441752358,0.75,0.21311752340228793,0.42415636192300704,0.9714214382588383,1.8176368427376097,0,tight,12,0.34285714285714286,6,29,0.17142857142857143,0.5859134859256434,12
41,5,10.0,random,0.8652788282024716,0.75,0.13051704725057386,0.21442079228298638,0.8443245886237986,0.26494812602122053,0,tight,12,0.2926829268292683,5,36,0.12195121951219512,0.6543916187370605,12
166,5,10.0,random,0.9704660923399078,0.75,0.05340202989615198,0.6229828073539214,0.872044845493712,0.3333544331383387,0,medium,66,0.39759036144578314,13,153,0.0783132530120482,0.695917992743405,34
33,5,10.0,random,0.7738060080974097,0.75,0.04576503842163723,0.13757868974123744,0.8717261779368084,0.21263777891346458,0,spread,12,0.36363636363636365,5,28,0.15151515151515152,0.6029297338888802,12
25,5,10.0,random,0.6101944870887168,0.75,0.02007454599503659,0.20590249794898707,0.9257654278168563,0.5505192346244938,0,tight,11,0.44,4,21,0.16,0.5837927360081587,11
96,5,10.0,random,0.9606066301143552,0.75,0.03200088909419498,0.21895269716057966,0.8395384337906387,0.5969601644051956,0,medium,43,0.4479166666666667,18,78,0.1875,0.6139384410628684,38
116,5,10.0,random,0.728197519341653,0.75,0.06731212721791258,0.09952414213095191,0.905693247047538,1.2227691454324383,0,medium,38,0.3275862068965517,8,108,0.06896551724137931,0.7012374063218993,38
189,5,10.0,random,0.6465733051469233,0.75,0.11816182735201552,0.13802011551805182,0.9559260358848947,0.5929137598222389,0,tight,39,0.20634920634920634,9,180,0.047619047619047616,0.7241007402270287,39
147,5,10.0,random,0.8048553367725333,0.75,0.09754165031932434,0.47813178494681285,0.9572091310305666,0.0873717367404323,0,medium,52,0.35374149659863946,15,132,0.10204081632653061,0.6684794420241491,35
97,5,10.0,random,0.6410299363836267,0.75,0.039250173278233096,0.2716618908929305,0.9521871577417081,1.843650908862301,0,spread,30,0.30927835051546393,11,86,0.1134020618556701,0.6575959807958468,30
199,5,10.0,random,0.7671797410450848,0.75,0.14794479292037596,0.3456112713963699,0.9182226040477675,1.331444238248859,0,medium,54,0.271356783919598,20,179,0.10050251256281408,0.6830540510369963,54
27,5,10.0,random,0.7906652102360917,0.75,0.06548642375953338,0.35948450513718594,0.9784621826521905,1.4706829822046878,0,spread,12,0.4444444444444444,7,20,0.25925925925925924,0.5617028159917845,12
158,5,10.0,random,0.8054077192848162,0.75,0.08610272690096192,0.1801492106716089,0.8782027049852625,1.7071443667384796,0,spread,60,0.379746835443038,21,137,0.13291139240506328,0.6480616741281382,59
189,5,10.0,random,0.7494617686778613,0.75,0.020465575359855354,0.2731202249477298,0.9290290312887248,0.8219613750198902,0,medium,52,0.2751322751322751,21,168,0.1111111111111111,0.6703923977727259,49
69,5,10.0,random,0.9029718651104938,0.75,0.019898523557718602,0.17801107384457976,0.8801741754210767,0.0010806889409025189,0,medium,30,0.43478260869565216,10,59,0.14492753623188406,0.6384755247476263,30
154,5,10.0,random,0.9940928785039302,0.75,0.09556126556514274,0.038515058754817276,0.8802233445793941,1.2083775541346304,0,medium,55,0.35714285714285715,18,136,0.11688311688311688,0.6737915212565643,39
181,5,10.0,random,0.8255207929806636,0.75,0.04395197933352377,0.18573202224357663,0.8865364150663763,0.7634306524496508,0,medium,57,0.3149171270718232,22,159,0.12154696132596685,0.6519326664195119,57
87,5,10.0,random,0.8364336619593917,0.75,0.14040515099824627,0.33005871844873974,0.8744084754715757,0.8106619924273768,0,tight,23,0.26436781609195403,7,80,0.08045977011494253,0.6805079947345855,23
152,5,10.0,random,0.9075715360578032,0.75,0.1514744561964955,0.13354965191558096,0.9172316062939054,0.2460874721389088,0,medium,41,0.26973684210526316,12,140,0.07894736842105263,0.6873579528825603,41
30,5,10.0,random,0.8671555358450518,0.75,0.06968009489683406,0.07685550253902394,0.9618627653627145,1.0393291612804696,0,tight,7,0.23333333333333334,4,26,0.13333333333333333,0.6445988477193579,7
172,5,10.0,random,0.9813738023696404,0.75,0.10642887788824962,0.25560244845694563,0.8898883262949058,0.14852789594399107,0,spread,77,0.4476744186046512,25,147,0.14534883720930233,0.6439287959312164,51
26,5,10.0,random,0.7268087937405995,0.75,0.13631286933948678,0.1367643398558172,0.8643111439573197,0.19674192443633465,0,medium,6,0.23076923076923078,3,23,0.11538461538461539,0.6539727209339942,6
127,5,10.0,random,0.7737667550805918,0.75,0.0366610529759598,0.30793371454670027,0.8728909943706099,0.6314267821091759,0,medium,40,0.31496062992125984,10,117,0.07874015748031496,0.6810902341942229,35
10,5,10.0,random,0.7800853313867426,0.75,0.03151366859814195,0.17140618559932522,0.9160612101509155,0.8343192488921118,0,spread,5,0.5,0,10,0.0,0.7804355884502399,5
110,5,10.0,random,0.7755523864382177,0.75,0.043709731756023475,0.03093771763099356,0.9279608635566325,0.15736609431050996,0,spread,42,0.38181818181818183,13,97,0.11818181818181818,0.6593715272773231,42
181,5,10.0,random,0.620925991081499,0.75,0.1364040082419085,0.41055561751016895,0.7620419419496525,1.6410453588493963,0,medium,40,0.22099447513812154,10,171,0.055248618784530384,0.7088055144604788,40
67,5,10.0,random,0.9881290541997675,0.75,0.1911931886139413,0.5098870369286732,0.9143251267486447,1.6298762019178796,0,medium,23,0.34328358208955223,11,56,0.16417910447761194,0.6179496904943478,23
98,5,10.0,random,0.8885957742772452,0.75,0.10554087102232738,0.14003752563927024,0.8976806680857716,0.5597007958453719,1,spread,40,0.40816326530612246,0,98,0.0,0.738157583953749,40
74,5,10.0,random,0.7039970645861009,0.75,0.1123256686173767,0.4738717195699014,0.7961159522667727,1.9140873884331442,0,spread,26,0.35135135135135137,5,69,0.06756756756756757,0.6995774907147088,26
189,5,10.0,random,0.6085990076847461,0.75,0.08988087151508746,0.22238689211317472,0.9706609702080495,0.9976560060721584,0,tight,40,0.21164021164021163,9,180,0.047619047619047616,0.7062565692845633,40
27,5,10.0,random,0.6941593579048128,0.75,0.011701798199199993,0.4708425949618636,0.9308404234179537,1.4187593515232853,0,tight,9,0.3333333333333333,2,25,0.07407407407407407,0.6967567900895738,9
157,5,10.0,random,0.7276192873439268,0.75,0.03237680041767939,0.39625363488447085,0.7753772897375341,1.103999976195458,0,medium,47,0.29936305732484075,10,147,0.06369426751592357,0.7113011978384033,37
127,5,10.0,random,0.969030687352673,0.75,0.053930051707730436,0.46045441394703973,0.8703017129290787,0.7755145785851658,0,tight,41,0.3228346456692913,14,113,0.11023622047244094,0.6581201130339849,41
141,5,10.0,random,0.8245936189245233,0.75,0.09659787284750941,0.08974409070617885,0.9257969516893065,1.5549523763727686,0,medium,46,0.3262411347517731,22,119,0.15602836879432624,0.6155079482607264,43
87,5,10.0,random,0.7540066996458546,0.75,0.025479568648018532,0.4653019652078818,0.9356901805285894,1.2892142087034095,0,tight,33,0.3793103448275862,15,72,0.1724137931034483,0.6266985881708018,33
190,5,10.0,random,0.6358887958513342,0.75,0.039582617076195425,0.4848754688939343,0.9541728044269027,1.5281339724053524,0,medium,58,0.30526315789473685,17,173,0.08947368421052632,0.6784030159317387,53
113,5,10.0,random,0.9575153699548615,0.75,0.0681117851952555,0.613741757982839,0.9825877330119274,1.5558107605499645,0,medium,44,0.3893805309734513,15,98,0.13274336283185842,0.6621050761954721,41
122,5,10.0,random,0.8017332947735845,0.75,0.15122314454168714,0.29067735325970795,0.9390351076058963,0.5735412587832924,0,spread,46,0.3770491803278688,18,104,0.14754098360655737,0.6349939847461419,38
65,5,10.0,random,0.8424424319751724,0.75,0.14717169180514825,0.37575569805339715,0.9137740812431537,1.215789342602687,0,spread,30,0.46153846153846156,9,56,0.13846153846153847,0.6280442046509159,30
137,5,10.0,random,0.8606747455809178,0.75,0.08593296620631906,0.12141056131042091,0.9412528483985825,0.5551312076223371,0,spread,55,0.40145985401459855,14,123,0.10218978102189781,0.6735813574456865,44
66,5,10.0,random,0.7267292734178399,0.75,0.16157319628378267,0.1044321117326057,0.8537784263810885,0.2528214670362423,0,spread,21,0.3181818181818182,7,59,0.10606060606060606,0.6739155084670466,21
12,5,10.0,random,0.628195986946436,0.75,0.0868778936754777,0.4455587306501732,0.943511637795223,1.779651044707212,0,tight,0,0.0,0,12,0.0,0.7652160709715791,0
18,5,10.0,random,0.77209035022323,0.75,0.05918797203548522,0.2809575379164943,0.9686823006253376,0.6651682153092309,0,tight,6,0.3333333333333333,6,12,0.3333333333333333,0.46917360083308307,6
181,5,10.0,random,0.8381256610028346,0.75,0.02527061946656594,0.1579339975613184,0.9706266271681327,0.2931981519346585,0,spread,75,0.4143646408839779,18,163,0.09944751381215469,0.6745404800226787,48
75,5,10.0,random,0.8467646335782876,0.75,0.0407534699718122,0.22639401662244057,0.9406050405054389,1.8853794497930219,0,spread,34,0.4533333333333333,13,62,0.17333333333333334,0.632909754321456,34
178,5,10.0,random,0.7687964282775825,0.75,0.019778645354133453,0.49453444416435755,0.9030316314541138,0.08850482675349447,0,tight,48,0.2696629213483146,22,156,0.12359550561797752,0.6558182543113571,46
47,5,10.0,random,0.8916699179285463,0.75,0.0950691383573191,0.3514130018948837,0.9186332232711549,1.485180084184084,0,tight,14,0.2978723404255319,9,38,0.19148936170212766,0.5891227947568185,14
180,5,10.0,random,0.917766923528623,0.75,0.09274418239241855,0.21633268001572525,0.8894054885100658,1.2519804241246997,0,tight,47,0.2611111111111111,21,159,0.11666666666666667,0.6615553053378374,46
143,5,10.0,random,0.7243861416422634,0.75,0.017783676254014936,0.38195541938058425,0.8931650629945969,0.3477503123519772,0,spread,57,0.3986013986013986,12,131,0.08391608391608392,0.6814913945721852,24
180,5,10.0,random,0.8477491314076946,0.75,0.0855226501382518,0.11794902743434692,0.9667893584803661,1.2125588049069638,0,tight,54,0.3,12,168,0.06666666666666667,0.6980315147481095,39
19,5,10.0,random,0.7615546727961193,0.75,0.08087174011767574,0.6535005359991864,0.9513900772651434,1.372829702382836,0,medium,5,0.2631578947368421,3,16,0.15789473684210525,0.6297157058408814,5
114,5,10.0,random,0.9701545284907848,0.75,0.05631274899967348,0.12502504041411913,0.9440173259557083,1.4106989214886718,0,medium,40,0.3508771929824561,13,101,0.11403508771929824,0.6611130865196432,40
92,5,10.0,random,0.7135743311754436,0.75,0.11733279871642394,0.3801067445217864,0.9424232000127104,0.9885904162986627,0,spread,35,0.3804347826086957,11,81,0.11956521739130435,0.6608345810129236,35
42,5,10.0,random,0.6662925661815727,0.75,0.01933315846587837,0.30379321183220476,0.9381519392465778,0.24841051575952688,0,spread,17,0.40476190476190477,5,37,0.11904761904761904,0.6604090045792708,17
69,5,10.0,random,0.7601734799023077,0.75,0.1875017039206203,0.38515167672218087,0.9877478647617381,1.5226393379559877,0,tight,12,0.17391304347826086,4,65,0.057971014492753624,0.6781074299055971,12
122,5,10.0,random,0.9758789523689853,0.75,0.04293841803318082,0.20347133164825795,0.8943843422427347,1.7789639887018596,0,tight,47,0.38524590163934425,20,102,0.16393442622950818,0.6130975372754813,47
49,5,10.0,random,0.9565562809899674,0.75,0.0422161544364672,0.6641677388262789,0.9514096211667519,1.2620587296050803,0,medium,18,0.3673469387755102,6,43,0.12244897959183673,0.6885521204249963,18
44,5,10.0,random,0.6948025545709139,0.75,0.02147798216048381,0.39397912526051815,0.8662031514211423,1.26960489602017,0,tight,12,0.2727272727272727,2,42,0.045454545454545456,0.708757191476949,12
151,5,10.0,random,0.8888008300746835,0.75,0.025014284181159273,0.285435107640535,0.8854026051745009,1.2837359761113376,0,tight,55,0.36423841059602646,28,123,0.18543046357615894,0.6108041776293434,54
184,5,10.0,random,0.6304331707077545,0.75,0.1381201237664113,0.1492629592331192,0.9297897826165045,1.911534354534296,0,medium,54,0.29347826086956524,15,169,0.08152173913043478,0.6879541078783304,42
53,5,10.0,random,0.9548404703405449,0.75,0.08985851954633049,0.5642579135323192,0.8605309158111786,1.1463387912271665,0,medium,17,0.32075471698113206,11,42,0.20754716981132076,0.5918565836445819,17
157,5,10.0,random,0.8583776435408295,0.75,0.098394109530193,0.5494438266365795,0.9343192510975108,1.480295107195629,0,spread,66,0.42038216560509556,16,141,0.10191082802547771,0.6612520733841772,45
30,5,10.0,random,0.6453171859141561,0.75,0.094376603682365,0.3158065521246797,0.9316415245513174,1.9406052256543054,0,tight,5,0.16666666666666666,3,27,0.1,0.6513422756364206,5
183,5,10.0,random,0.966291755815482,0.75,0.053672207981303136,0.24700458160865513,0.9496865013817508,1.6643193289301883,0,tight,60,0.32786885245901637,18,165,0.09836065573770492,0.6793640979764953,39
169,5,10.0,random,0.7822699980105888,0.75,0.055076162572549554,0.42893185641894527,0.8613967447670374,0.32501674764577704,0,medium,61,0.3609467455621302,12,157,0.07100591715976332,0.6926905610531334,46
68,5,10.0,random,0.612998599710328,0.75,0.14917972390761602,0.30222567675793754,0.8248528891729846,1.695333229547675,0,medium,9,0.1323529411764706,2,66,0.029411764705882353,0.7269018818505015,9
181,5,10.0,random,0.8143362509263286,0.75,0.07042082936628656,0.2856499744923331,0.9755337348746134,1.0715817886698558,0,medium,53,0.292817679558011,17,164,0.09392265193370165,0.674946484042492,42
99,5,10.0,random,0.9528657745200197,0.75,0.03363701328546343,0.35002418472360586,0.8927290306367898,0.2787780962959796,0,spread,45,0.45454545454545453,22,77,0.2222222222222222,0.5970802043559154,45
169,5,10.0,random,0.9353428239528015,0.75,0.04956022286661931,0.7487504771837964,0.9651952332478168,1.9095098324513795,0,medium,64,0.378698224852071,25,144,0.14792899408284024,0.639260059759354,51
62,5,10.0,random,0.6483115716485789,0.75,0.10158568717239846,0.14111750440692505,0.9151916948033876,0.5046686590751581,0,medium,15,0.24193548387096775,6,56,0.0967741935483871,0.6913804777267848,15
69,5,10.0,random,0.7004774863340376,0.75,0.09463413788872536,0.2599983136904181,0.9095221206388325,0.5864629651474629,0,spread,19,0.2753623188405797,6,63,0.08695652173913043,0.6616374139084434,19
142,5,10.0,random,0.669753080781484,0.75,0.1137563452451455,0.2479705591473877,0.9713703731311013,1.6798108984528837,0,spread,38,0.2676056338028169,15,127,0.1056338028169014,0.6658025951549895,38
175,5,10.0,random,0.6554851662357144,0.75,0.03712573409706414,0.43299190300559875,0.9163730993711855,0.5544279358033428,0,tight,51,0.2914285714285714,10,165,0.05714285714285714,0.7105802003874951,51
156,5,10.0,random,0.9800605449584822,0.75,0.23552130578151934,0.20921079365554826,0.9740714065775373,1.8381375388877386,0,spread,56,0.358974358974359,22,134,0.14102564102564102,0.6372158840555939,47
59,5,10.0,random,0.8100924459506538,0.75,0.14214964514907988,0.14704134862714444,0.9268999195629899,1.518429515488325,0,spread,21,0.3559322033898305,4,55,0.06779661016949153,0.7041133024228088,21
109,5,10.0,random,0.762808646080507,0.75,0.1963628143496598,0.35843610509084445,0.9005233648900507,1.4179740796052558,0,medium,25,0.22935779816513763,14,95,0.12844036697247707,0.6447360562602088,25
19,5,10.0,random,0.7018353751046915,0.75,0.1015834915983057,0.18286926543744492,0.9229603312118131,0.2256372906163413,0,spread,3,0.15789473684210525,1,18,0.05263157894736842,0.718396458865475,3
134,5,10.0,random,0.6111753046684616,0.75,0.14997514912047819,0.33440723775183817,0.9231889865967867,1.068710784574882,0,tight,23,0.17164179104477612,6,128,0.04477611940298507,0.7056653392863241,23
106,5,10.0,random,0.6723097071342332,0.75,0.0635914146983683,0.2831480578871594,0.9248889412177865,1.9839126717985351,0,spread,37,0.3490566037735849,8,98,0.07547169811320754,0.6928693874740701,37
29,5,10.0,random,0.9599906113034687,0.75,0.12064401943701458,0.542684491822149,0.894825089617725,1.1229308611617144,0,spread,14,0.4827586206896552,4,25,0.13793103448275862,0.6372304113214489,14
166,5,10.0,random,0.8613845514756429,0.75,0.08539769539897026,0.22244851346604183,0.9151358253181088,1.0072141291984946,0,tight,55,0.3313253012048193,17,149,0.10240963855421686,0.6722775760912058,41
160,5,10.0,random,0.6111806723001215,0.75,0.056899509063969324,0.3088284373866966,0.9507669023405534,1.3541833799642968,0,spread,54,0.3375,6,154,0.0375,0.7138218804439284,16
147,5,10.0,random,0.7746919323727095,0.75,0.056687985111617024,0.24536079541843597,0.956574859205116,0.6359442437869218,0,spread,42,0.2857142857142857,14,133,0.09523809523809523,0.6857156399600122,42
191,5,10.0,random,0.8024672228745116,0.75,0.007550675637057495,0.5564448430207225,0.9536561745045606,0.9751891693667543,0,medium,73,0.38219895287958117,10,181,0.05235602094240838,0.7144224877367246,35
117,5,10.0,random,0.6094547088901531,0.75,0.04780648333770713,0.20540207449051193,0.9537706913352739,1.363635683472736,0,medium,22,0.18803418803418803,5,112,0.042735042735042736,0.700248411027198,22
142,5,10.0,random,0.7710130181562752,0.75,0.04132427475680576,0.48870910297345044,0.8413603734129013,0.006766885042789994,0,spread,50,0.352112676056338,14,128,0.09859154929577464,0.6795906132349658,50
78,5,10.0,random,0.9313381932842548,0.75,0.11030237022287244,0.20906553478544196,0.9897616162297223,0.16220693738157332,0,medium,26,0.3333333333333333,15,63,0.19230769230769232,0.5864577031880552,26
69,5,10.0,random,0.6908283207499935,0.75,0.09998908671172976,0.23111511020904127,0.9553780136101936,1.106272613674842,0,spread,23,0.3333333333333333,4,65,0.057971014492753624,0.7025046933531086,23
26,5,10.0,random,0.9254732794264243,0.75,0.1476175093357963,0.18249419187861332,0.9202869090706767,0.5848746680053101,0,spread,12,0.46153846153846156,6,20,0.23076923076923078,0.5944021887761539,12
120,5,10.0,random,0.823942045356447,0.75,0.02022283000964955,0.36606940194724086,0.9759809626609517,1.8611889588629882,0,spread,44,0.36666666666666664,17,103,0.14166666666666666,0.6456288909780138,44
74,5,10.0,random,0.6426714579539375,0.75,0.060188801796628714,0.25729172211336265,0.9227744942034616,1.1043557773659778,0,medium,16,0.21621621621621623,9,65,0.12162162162162163,0.6660445162362139,16
143,5,10.0,random,0.6836764788322109,0.75,0.15326841007762998,0.1295069453342308,0.7790527728240497,1.7206243939092125,1,medium,29,0.20279720279720279,0,143,0.0,0.7475929424137855,29
118,5,10.0,random,0.605385842223851,0.75,0.023200403123096982,0.6710018194401288,0.8527542079893541,0.9157652825626232,0,medium,26,0.22033898305084745,7,111,0.059322033898305086,0.6978856821421554,26
164,5,10.0,random,0.7892398668551961,0.75,0.05204383554359318,0.2796225120405431,0.9094657291638375,0.169840833319564,0,medium,52,0.3170731707317073,11,153,0.06707317073170732,0.7068302404226687,32
191,5,10.0,random,0.7549539378716947,0.75,0.05487146512503313,0.13325068859877404,0.9285444681500499,1.4466089291232305,0,spread,68,0.35602094240837695,12,179,0.06282722513089005,0.7052325985852987,27
160,5,10.0,random,0.7857141443898404,0.75,0.10092448193920481,0.39796697869766984,0.9620489499103251,1.7430879837469213,0,spread,54,0.3375,16,144,0.1,0.6844721049083484,44
100,5,10.0,random,0.8088457931225939,0.75,0.046751163108573184,0.31573414074511336,0.7797960922571356,1.459239884262651,0,spread,31,0.31,13,87,0.13,0.6406500260705181,31
68,5,10.0,random,0.7030365845643379,0.75,0.07098004257763633,0.28805083707899076,0.8893848759201624,0.1458087827322403,0,medium,18,0.2647058823529412,7,61,0.10294117647058823,0.7014771551009344,18
83,5,10.0,random,0.9538617587787336,0.75,0.07702006452074492,0.38845608989078606,0.9332597353733264,1.0878890935019623,0,tight,31,0.37349397590361444,17,66,0.20481927710843373,0.5874785861100594,31
36,5,10.0,random,0.8364646394023527,0.75,0.08723718194989405,0.3382727458910981,0.9048315188841832,0.591194745148401,0,medium,10,0.2777777777777778,2,34,0.05555555555555555,0.7283752967729985,10
183,5,10.0,random,0.7453707880547523,0.75,0.052381469977085995,0.3021472194353082,0.883429020657726,0.8731031932281139,0,spread,55,0.3005464480874317,16,167,0.08743169398907104,0.6796365709935165,53
157,5,10.0,random,0.9295839917206367,0.75,0.12478003373309932,0.4054845281490265,0.9309914764231846,1.4454206553832336,0,tight,51,0.3248407643312102,19,138,0.12101910828025478,0.6479461383448203,33
92,5,10.0,random,0.7692022819673735,0.75,0.0324243852282447,0.26737428954390363,0.9526631100106183,1.6245236600128539,0,spread,31,0.33695652173913043,14,78,0.15217391304347827,0.6333685178796862,31
161,5,10.0,random,0.8305014524564924,0.75,0.12577638941999464,0.4498135496698852,0.9644421641760513,1.5656929799335948,0,spread,53,0.32919254658385094,10,151,0.062111801242236024,0.6994264385034256,30
34,5,10.0,random,0.7514297489115621,0.75,0.14649004933330714,0.3201898453008576,0.8884382346626729,0.03644707792732338,0,spread,10,0.29411764705882354,4,30,0.11764705882352941,0.6549989907583814,10
22,5,10.0,random,0.8995640379245888,0.75,0.11865042593817883,0.3936188654123453,0.9229026011588519,1.6674641472713947,1,spread,11,0.5,0,22,0.0,0.7561173932748663,11
