episode_rewards,episode_lengths,penetration_rates,cost_exchange_ratios,defense_costs,swarm_sizes,timestamps,episode_count
-738682850.6502321,200,0.5247524752475248,22.166902404526166,50720000.0,0,1771873387.2137432,1000
-2182993030.4947624,200,0.7520215633423181,25.383904505198306,50610000.0,0,1771873387.245137,1000
-3251620319.492174,200,0.8098159509202454,26.092316681273736,50570000.0,0,1771873387.2776995,1000
-1923296777.6719487,200,0.7134670487106017,24.53540728612362,50700000.0,0,1771873387.3084173,1000
-2977965390.83563,200,0.7896995708154506,25.67136725935009,50700000.0,0,1771873387.3422325,1000
-1631929175.2926996,200,0.6866666666666666,24.446666666666665,50690000.0,0,1771873387.6231654,1000
-184642965.63000655,200,0.291970802919708,18.9155370177268,50700000.0,0,1771873387.782051,1000
-2366770437.2194567,200,0.7566844919786097,25.484339190221544,50590000.0,0,1771873387.963306,1000
-845591550.6822741,200,0.543778801843318,22.21066491112574,50690000.0,0,1771873388.126991,1000
-1616875484.4680743,200,0.6847457627118644,24.469733656174334,50650000.0,0,1771873388.3268654,1000
28182819.464568764,200,0.1651376146788991,18.00262123197903,50680000.0,0,1771873388.544629,1000
-3012629311.330091,200,0.8247191011235955,26.8115569823435,50590000.0,0,1771873388.7333162,1000
-18329974.78159654,200,0.14678899082568808,17.49934469200524,50760000.0,0,1771873388.938193,1000
-811562409.0616851,200,0.5779816513761468,23.157273918741808,50690000.0,0,1771873389.1083279,1000
-2947538023.193217,200,0.8081023454157783,26.173621687480964,50640000.0,0,1771873389.3428078,1000
-1000717787.0399406,200,0.6065573770491803,23.271662763466043,50740000.0,0,1771873389.5233088,1000
-2205365371.611523,200,0.7485714285714286,25.514285714285716,50550000.0,0,1771873389.6886241,1000
-3038664407.0091324,200,0.805439330543933,26.039450089659294,50640000.0,0,1771873389.8599098,1000
-1756844494.1542697,200,0.7049689440993789,24.645962732919255,50760000.0,0,1771873390.1012866,1000
-518576584.2784041,200,0.47904191616766467,22.355859709153123,50670000.0,0,1771873390.2804444,1000
-2051464306.6874866,200,0.729106628242075,24.99876492383697,50610000.0,0,1771873390.5127072,1000
-549886762.8983134,200,0.4827586206896552,22.113300492610836,50670000.0,0,1771873390.714473,1000
-1769506340.3116608,200,0.6949685534591195,24.41060197663971,50690000.0,0,1771873390.9091942,1000
-388228705.9731138,200,0.44285714285714284,22.96938775510204,50550000.0,0,1771873391.1011333,1000
-1746222208.153363,200,0.7298136645962733,25.346938775510203,50660000.0,0,1771873391.2978709,1000
-712686717.9723871,200,0.5849056603773585,23.540431266846362,50670000.0,0,1771873391.5077138,1000
-743859522.5106831,200,0.5210526315789473,22.509774436090225,50690000.0,0,1771873391.7027981,1000
-2214789398.9149513,200,0.7540106951871658,25.417876241405654,50720000.0,0,1771873391.8832445,1000
-459083641.9385443,200,0.43636363636363634,21.25021645021645,50720000.0,0,1771873392.0491118,1000
-3122312088.609015,200,0.8138528138528138,26.387136672850957,50680000.0,0,1771873392.2308447,1000
-298793823.96837384,200,0.375,20.761904761904763,50640000.0,0,1771873392.4395854,1000
-3253994280.96682,200,0.8164948453608247,26.308689248895433,50590000.0,0,1771873392.6511946,1000
-971214956.2750757,200,0.5913461538461539,23.835164835164836,50520000.0,0,1771873392.827752,1000
-336624170.13900566,200,0.3971631205673759,21.6048632218845,50620000.0,0,1771873393.0131786,1000
42905852.156359375,200,0.12389380530973451,16.36409608091024,50720000.0,0,1771873393.197481,1000
-672356670.270554,200,0.53125,22.720238095238095,50680000.0,0,1771873393.3839977,1000
-2210451991.8568716,200,0.7459016393442623,25.26775956284153,50680000.0,0,1771873393.5683794,1000
-285308697.2967474,200,0.35333333333333333,19.740952380952383,50640000.0,0,1771873393.7466042,1000
-2417094563.655473,200,0.7723785166240409,25.767628790646693,50630000.0,0,1771873393.9597285,1000
-2688897523.7854753,200,0.7660550458715596,25.216906946264743,50810000.0,0,1771873394.1383197,1000
-691050292.1653485,200,0.5257731958762887,22.481590574374078,50650000.0,0,1771873394.3281162,1000
-1137484765.9569662,200,0.6303501945525292,23.653140633685382,50760000.0,0,1771873394.4985757,1000
-2789586433.237096,200,0.7805429864253394,25.57983193277311,50720000.0,0,1771873394.6953828,1000
-693361839.3906956,200,0.5024154589371981,21.348516218081436,50670000.0,0,1771873394.893733,1000
-457558417.0034028,200,0.4658385093167702,22.2963620230701,50640000.0,0,1771873395.1026044,1000
-311891685.26175404,200,0.3706293706293706,20.713286713286713,50670000.0,0,1771873395.3134935,1000
-370722557.3046745,200,0.41496598639455784,21.68901846452867,50590000.0,0,1771873395.522113,1000
-1838114458.3041842,200,0.7343283582089553,25.300639658848613,50650000.0,0,1771873395.7641807,1000
-2786738787.434962,200,0.7715617715617715,25.426573426573427,50780000.0,0,1771873395.998681,1000
16529561.696241379,200,0.14953271028037382,17.80774365821095,50690000.0,0,1771873396.200527,1000
-1596118631.4707308,200,0.7162162162162162,25.356177606177607,50690000.0,0,1771873396.8241432,1000
-2365054390.960867,200,0.7518987341772152,25.152983725135623,50740000.0,0,1771873397.0137732,1000
-707015565.1833897,200,0.526595744680851,22.73860182370821,50620000.0,0,1771873397.2054963,1000
-825528712.5705488,200,0.5601851851851852,22.712962962962962,50710000.0,0,1771873397.3973746,1000
-1447163975.4118872,200,0.6603174603174603,23.476643990929706,50830000.0,0,1771873397.5971484,1000
-2183835538.5859675,200,0.7178082191780822,24.479060665362034,50720000.0,0,1771873397.7962816,1000
-2705460603.761795,200,0.7879464285714286,25.745535714285715,50690000.0,0,1771873398.073248,1000
-1201567667.5292807,200,0.6486486486486487,24.11803640375069,50630000.0,0,1771873398.3052738,1000
-412121606.1692462,200,0.41358024691358025,20.756613756613756,50690000.0,0,1771873398.4959095,1000
-2727751311.2791348,200,0.773972602739726,25.435094585779517,50920000.0,0,1771873398.7032397,1000
-57049595.26575562,200,0.21323529411764705,16.785714285714285,50900000.0,0,1771873398.8880322,1000
-1523470945.8524613,200,0.6655290102389079,23.968795709410045,50800000.0,0,1771873399.0737433,1000
-2333089618.068186,200,0.7377892030848329,24.664708042600072,48810000.0,0,1771873399.258097,1000
-3217310814.07184,200,0.8032128514056225,25.861732644865175,50770000.0,0,1771873399.4378257,1000
-2998887711.6864324,200,0.7811860940695297,25.291849255039438,50870000.0,0,1771873399.6202507,1000
-2069275836.4516,200,0.7557471264367817,25.75697865353038,50720000.0,0,1771873399.805888,1000
-3310849562.5664887,200,0.8105906313645621,26.11463485597905,50780000.0,0,1771873399.9776678,1000
40257491.03624797,200,0.14049586776859505,16.016528925619834,50830000.0,0,1771873400.1731317,1000
-3160468023.3067155,200,0.8096280087527352,26.305095342294468,50750000.0,0,1771873400.3682537,1000
-648845768.6233845,200,0.4950980392156863,21.26050420168067,50800000.0,0,1771873400.5687246,1000
-1588563839.7400882,200,0.684375,24.09642857142857,50880000.0,0,1771873400.7534199,1000
-2423987309.624421,200,0.7660668380462725,25.613661402864487,50730000.0,0,1771873400.9327586,1000
-2503111268.070054,200,0.7655860349127181,25.48913430708942,50740000.0,0,1771873401.1330762,1000
-1600552513.1184986,200,0.6891025641025641,24.336080586080588,50750000.0,0,1771873401.313968,1000
-545369980.3593055,200,0.46629213483146065,21.470304975922954,50760000.0,0,1771873401.4868686,1000
-353462080.56842005,200,0.36486486486486486,20.21042471042471,50690000.0,0,1771873401.69044,1000
-3060001947.2144966,200,0.7975460122699386,25.74992696465089,50710000.0,0,1771873401.8880155,1000
-2937716.1324962378,200,0.16666666666666666,16.28798185941043,50830000.0,0,1771873402.069905,1000
-312472178.53402144,200,0.3475609756097561,18.777003484320556,50780000.0,0,1771873402.2711325,1000
-2423967877.092718,200,0.7399527186761229,24.57480580884836,50830000.0,0,1771873402.4510343,1000
-2137996410.203117,200,0.7282321899736148,24.637768563889935,50820000.0,0,1771873402.6323926,1000
-1852836156.8334413,200,0.6930091185410334,24.20755536257056,50750000.0,0,1771873402.8156195,1000
-394188300.81218684,200,0.4024390243902439,20.346689895470384,50790000.0,0,1771873402.984564,1000
-2673523893.1289454,200,0.7471264367816092,24.68111658456486,50770000.0,0,1771873403.1657603,1000
-679514377.3943062,200,0.5121951219512195,21.708710801393728,50760000.0,0,1771873403.3522646,1000
-1334356397.236946,200,0.6545454545454545,23.985454545454544,50860000.0,0,1771873403.5598125,1000
-2406479721.394202,200,0.7400990099009901,24.736209335219236,50770000.0,0,1771873403.7490652,1000
-94917927.91126028,200,0.2440944881889764,18.398200224971877,50780000.0,0,1771873403.9358702,1000
-720852977.4945569,200,0.5339805825242718,22.299583911234397,50780000.0,0,1771873404.1291683,1000
-2153532223.641188,200,0.728021978021978,24.795133437990582,50890000.0,0,1771873404.354171,1000
-494060651.0965394,200,0.4308510638297872,20.03647416413374,50840000.0,0,1771873404.541427,1000
-1385310999.6839468,200,0.651685393258427,24.04601391118245,50710000.0,0,1771873404.7163193,1000
-660603376.8860162,200,0.465,20.548571428571428,50840000.0,0,1771873404.9173062,1000
-153864814.387047,200,0.2916666666666667,18.416666666666668,50820000.0,0,1771873405.1050675,1000
-2196016825.261459,200,0.7353689567430025,24.705198109778262,50820000.0,0,1771873405.281604,1000
-1424782496.24218,200,0.6416382252559727,23.294002925402243,50880000.0,0,1771873405.461418,1000
66544754.79622291,200,0.10743801652892562,15.076741440377804,50850000.0,0,1771873405.6435204,1000
174660000.0,177,0.0,14.48,50680000.0,0,1771873405.7963157,1000
-1474154463.6446836,200,0.6759581881533101,24.36336485813838,50730000.0,0,1771873405.974704,1000
-759901326.8713447,200,0.5350877192982456,21.661654135338345,50860000.0,0,1771873406.1490824,1000
-3305636992.1437154,200,0.8028455284552846,25.88850174216028,50800000.0,0,1771873406.7808359,1000
-2255088068.929914,200,0.7344913151364765,24.58702587734846,50800000.0,0,1771873406.961065,1000
-1033030129.5354335,200,0.6153846153846154,23.775335775335776,50720000.0,0,1771873407.141627,1000
-3105501873.9457946,200,0.7892561983471075,25.548996458087366,50800000.0,0,1771873407.3474336,1000
25661057.470811963,200,0.15447154471544716,16.227642276422763,50860000.0,0,1771873407.5284662,1000
-711962510.839263,200,0.4838709677419355,20.52139565503621,50860000.0,0,1771873407.6959374,1000
-3074281595.297361,200,0.79957805907173,25.90596745027125,50780000.0,0,1771873407.9651947,1000
-1621680363.7007003,200,0.6646153846153846,22.937142857142856,44910000.0,0,1771873408.1839354,1000
-57022493.84377769,200,0.19548872180451127,16.509129967776584,50850000.0,0,1771873408.48775,1000
-156517202.37940544,200,0.2777777777777778,18.01984126984127,50820000.0,0,1771873408.6945357,1000
-2336425180.723216,200,0.7544303797468355,25.231826401446654,50830000.0,0,1771873408.9564807,1000
-3128994787.4717436,200,0.8155737704918032,26.279859484777518,50860000.0,0,1771873409.1374109,1000
-2498490101.2818513,200,0.7505827505827506,24.831834831834833,50850000.0,0,1771873409.3448427,1000
-3139256679.1273046,200,0.8004158004158004,25.884169884169886,50760000.0,0,1771873409.5188785,1000
-1631519676.161182,200,0.6644295302013423,23.861936720997125,50880000.0,0,1771873409.7017062,1000
-1031592176.064126,200,0.6008403361344538,23.264105642256904,50790000.0,0,1771873409.8895335,1000
-1765363405.506401,200,0.7164179104477612,24.795735607675905,50730000.0,0,1771873410.107071,1000
-1676402438.5713375,200,0.6614906832298136,23.42413487133984,50990000.0,0,1771873410.2952788,1000
-2532587787.9004045,200,0.7404761904761905,24.612925170068028,50810000.0,0,1771873410.4905984,1000
-2688620318.5815053,200,0.7595505617977528,24.968218298555378,50880000.0,0,1771873410.6945875,1000
-888437053.1728945,200,0.5416666666666666,21.53214285714286,50870000.0,0,1771873410.9208004,1000
-2863509744.1496797,200,0.7855530474040632,25.725249919380843,50870000.0,0,1771873411.106421,1000
-705666573.5833821,200,0.4696969696969697,20.756132756132757,50840000.0,0,1771873411.3052793,1000
-2236524310.104015,200,0.7372654155495979,24.95135963232478,50740000.0,0,1771873411.5435805,1000
-3260900713.7772837,200,0.7883817427385892,25.53941908713693,50850000.0,0,1771873411.765516,1000
-1948768269.1887693,200,0.7101063829787234,24.15577507598784,50890000.0,0,1771873411.9714737,1000
-2436553721.041814,200,0.7621247113163973,25.127680633454304,50810000.0,0,1771873412.2080162,1000
-2699201143.1420135,200,0.7858719646799117,25.658782718385368,50820000.0,0,1771873412.4383574,1000
-1253044099.328953,200,0.5870307167235495,21.741589468551926,50960000.0,0,1771873412.6294477,1000
-1077007880.4455535,200,0.6219512195121951,23.66898954703833,50790000.0,0,1771873412.846257,1000
-2929124316.4085608,200,0.7863070539419087,24.777711914641376,39000000.0,0,1771873413.088078,1000
-1706979111.2600222,200,0.6948640483383686,24.23651273198101,50780000.0,0,1771873413.3237028,1000
-2717515787.764926,200,0.7532751091703057,24.703680598877106,51000000.0,0,1771873413.5468373,1000
-1052084073.8895104,200,0.5747126436781609,21.879584017515054,49870000.0,0,1771873413.754288,1000
-2680930077.2605057,200,0.7728285077951003,25.315940184537066,50840000.0,0,1771873413.9477203,1000
-2081674424.422501,200,0.7046070460704607,24.076655052264808,50950000.0,0,1771873414.1598487,1000
-1352071499.1393116,200,0.6382978723404256,23.082066869300913,47820000.0,0,1771873414.3578603,1000
-2275328716.021077,200,0.7323232323232324,24.59018759018759,50820000.0,0,1771873414.554121,1000
-863159334.1298839,200,0.5357142857142857,21.784438775510203,50790000.0,0,1771873414.739419,1000
-356128087.4851866,200,0.38181818181818183,19.714285714285715,50850000.0,0,1771873414.920153,1000
-2161906814.7373185,200,0.7446236559139785,25.1036866359447,49850000.0,0,1771873415.1261144,1000
-735687920.570564,200,0.48,20.184126984126983,50950000.0,0,1771873415.3262436,1000
-837745061.5845921,200,0.543859649122807,21.917293233082706,50900000.0,0,1771873415.5132434,1000
-1658876970.72139,200,0.678343949044586,23.826205641492265,48850000.0,0,1771873415.6959121,1000
-978627369.9447951,200,0.568,21.930285714285713,49890000.0,0,1771873415.8911579,1000
-2786561500.8025894,200,0.7647058823529411,25.015250544662308,50870000.0,0,1771873416.088099,1000
-2239880655.780052,200,0.7451523545706371,25.303521962801742,50710000.0,0,1771873416.279004,1000
-1492876648.779302,200,0.6552901023890785,23.67235494880546,50760000.0,0,1771873416.4683816,1000
-141773576.95569885,200,0.28378378378378377,17.916988416988417,50810000.0,0,1771873416.661663,1000
-1456135805.957954,200,0.6348122866894198,23.099951243295955,50890000.0,0,1771873416.9180946,1000
-112074777.29400009,200,0.23880597014925373,16.388059701492537,44860000.0,0,1771873417.688127,1000
-9449106.683019727,200,0.15625,15.830357142857142,50920000.0,0,1771873417.904161,1000
-2767196895.332052,200,0.767337807606264,25.17609459891339,50880000.0,0,1771873418.1245048,1000
-2833046007.082758,200,0.75054704595186,24.566427008440137,49940000.0,0,1771873418.3227215,1000
-1457549787.6200707,200,0.6366559485530546,22.045934772622875,41970000.0,0,1771873418.5279546,1000
-1981549167.04783,200,0.6933701657458563,23.826361483820047,50880000.0,0,1771873418.7732866,1000
-310650577.8461395,200,0.3532934131736527,18.7972626176219,50870000.0,0,1771873418.9888332,1000
133488404.61268198,200,0.08035714285714286,15.270408163265307,50860000.0,0,1771873419.1936238,1000
-1228534482.6790059,200,0.5880281690140845,21.920523138832998,50890000.0,0,1771873419.4265754,1000
-1043277920.521169,200,0.5761316872427984,22.445620223398002,50900000.0,0,1771873419.6213212,1000
-1387463332.562656,200,0.6333333333333333,22.941904761904762,50890000.0,0,1771873419.7988815,1000
-1848521007.3575063,200,0.7138728323699421,24.59042113955409,50790000.0,0,1771873419.9748912,1000
-2482021182.502529,200,0.7470449172576832,24.782843633907465,50910000.0,0,1771873420.155502,1000
-1365082668.309348,200,0.6276595744680851,23.09017223910841,50900000.0,0,1771873420.3396876,1000
-1743425534.5725105,200,0.6941176470588235,24.105882352941176,50860000.0,0,1771873420.555359,1000
-1235180531.1566615,200,0.5916955017301038,21.94760257043994,51000000.0,0,1771873420.7531707,1000
-2149188341.627006,200,0.6984536082474226,23.711340206185568,51000000.0,0,1771873420.9579735,1000
-3184238773.31301,200,0.7575757575757576,24.58874458874459,51000000.0,0,1771873421.1518648,1000
-1331686700.5738041,200,0.6027874564459931,22.2966650074664,50970000.0,0,1771873421.34852,1000
-833741944.7079405,200,0.5374449339207048,21.385777218376337,47910000.0,0,1771873421.5517833,1000
-1850692556.3167918,200,0.6962750716332379,23.983626688497747,49960000.0,0,1771873421.7472465,1000
-2539913936.517469,200,0.7684964200477327,25.418342993521993,50760000.0,0,1771873421.9384172,1000
-1629088226.4547997,200,0.6666666666666666,23.494102228047183,50890000.0,0,1771873422.1427324,1000
-2621975573.292646,200,0.7450110864745011,24.513778904022807,50950000.0,0,1771873422.329659,1000
-2613056110.872127,200,0.7417218543046358,24.407442447177548,50980000.0,0,1771873422.5229812,1000
187164400.43930507,200,0.009009009009009009,13.377091377091377,50970000.0,0,1771873422.7181416,1000
-2911817144.420425,200,0.7858627858627859,25.474903474903474,50870000.0,0,1771873422.940598,1000
-2175503833.286866,200,0.7194805194805195,24.330241187384043,50850000.0,0,1771873423.1372316,1000
-3041608121.8812084,200,0.7733887733887734,25.12028512028512,50900000.0,0,1771873423.324402,1000
-840635737.3630733,200,0.5136363636363637,21.28181818181818,50870000.0,0,1771873423.5269885,1000
-476190995.2549032,200,0.43617021276595747,20.193009118541035,50870000.0,0,1771873423.725525,1000
-1890886488.5543783,200,0.6978021978021978,23.933281004709578,50910000.0,0,1771873423.927766,1000
-2232640903.5776854,200,0.7174447174447175,23.936819936819937,48980000.0,0,1771873424.1217039,1000
-1454148357.5608191,200,0.6379310344827587,23.24039408866995,50890000.0,0,1771873424.3175056,1000
-1861206145.8014116,200,0.7008086253369272,23.940700808625337,50870000.0,0,1771873424.5055566,1000
56012300.2924577,200,0.1417910447761194,14.914712153518124,50950000.0,0,1771873424.6968672,1000
-1438579280.1937249,200,0.6452702702702703,23.345559845559844,50860000.0,0,1771873424.8831215,1000
-1469455523.4552193,200,0.6585365853658537,23.883524141363864,50910000.0,0,1771873425.0948026,1000
-2806311083.0121155,200,0.7677419354838709,25.063594470046084,50910000.0,0,1771873425.2872102,1000
-752659051.090536,200,0.5158371040723982,21.326438267614737,50960000.0,0,1771873425.469496,1000
-224454575.69940078,200,0.3037974683544304,17.90235081374322,51000000.0,0,1771873425.656818,1000
168572174.58534402,200,0.047244094488188976,12.821147356580427,50990000.0,0,1771873425.844385,1000
-1841027790.016395,200,0.7104477611940299,24.631130063965884,50800000.0,0,1771873426.0241046,1000
-1000689356.7127821,200,0.582995951417004,22.321573163678426,48970000.0,0,1771873426.2044535,1000
-1861655379.0910392,200,0.6609195402298851,22.742200328407225,47000000.0,0,1771873426.3887181,1000
-2000881964.4905791,200,0.720108695652174,24.525621118012424,50890000.0,0,1771873426.6125364,1000
-1774100110.3875499,200,0.6764705882352942,23.521008403361346,49900000.0,0,1771873426.7900343,1000
-804912944.6136883,200,0.5071090047393365,21.37440758293839,50850000.0,0,1771873427.0212736,1000
-558051449.0483807,200,0.41624365482233505,18.98332124728064,48890000.0,0,1771873427.2540536,1000
-2711406628.1301837,200,0.7473002159827213,24.497994446158593,50990000.0,0,1771873427.482817,1000
-1744214920.2390115,200,0.677710843373494,23.749569707401033,50970000.0,0,1771873428.2278888,1000
-2048999510.5265641,200,0.6970509383378016,23.66296438146304,48920000.0,0,1771873428.4583206,1000
-1748455173.4688196,200,0.6858789625360231,23.793330588719638,50970000.0,0,1771873428.654846,1000
-2670819738.1427684,200,0.7543859649122807,24.6203007518797,48940000.0,0,1771873428.8461978,1000
-1414753492.618717,200,0.6275862068965518,22.95369458128079,50980000.0,0,1771873429.064773,1000
-2293223250.459757,200,0.7493670886075949,25.099457504520796,51000000.0,0,1771873429.2798877,1000
-2929872642.901886,200,0.7729166666666667,24.642857142857142,43000000.0,0,1771873429.5917253,1000
-2732709141.1562138,200,0.7787610619469026,25.468394437420987,50910000.0,0,1771873429.7879002,1000
-1662485799.1248271,200,0.6485714285714286,22.528979591836734,48980000.0,0,1771873429.999079,1000
-2499589032.3234406,200,0.7303370786516854,24.141252006420547,51000000.0,0,1771873430.2065547,1000
-2702485244.4600925,200,0.7755555555555556,24.761904761904763,41000000.0,0,1771873430.3863075,1000
-1451389404.3779318,200,0.65,23.42,50910000.0,0,1771873430.5582144,1000
-2192152498.9087353,200,0.7299465240641712,24.73720397249809,50810000.0,0,1771873430.743807,1000
-2323445016.2195096,200,0.7512562814070352,25.11629576453697,50870000.0,0,1771873430.9353936,1000
-2830701008.30752,200,0.7642105263157895,24.601503759398497,46000000.0,0,1771873431.153819,1000
-2355846766.131303,200,0.7488038277511961,24.870813397129186,50860000.0,0,1771873431.3465512,1000
-1515614659.134752,200,0.6571428571428571,22.397278911564626,39930000.0,0,1771873431.5273468,1000
-641867616.1134804,200,0.4669811320754717,19.67654986522911,47000000.0,0,1771873431.7249916,1000
-1492922063.5403988,200,0.6501650165016502,22.912776991984913,45990000.0,0,1771873431.9094825,1000
-644461263.8382044,200,0.4537037037037037,19.70899470899471,51000000.0,0,1771873432.111605,1000
-2722684423.953668,200,0.7306843267108167,24.090192368338062,50950000.0,0,1771873432.3140965,1000
-1540344763.2431421,200,0.6527331189710611,23.334864492420763,51000000.0,0,1771873432.4902267,1000
-1278423393.7015605,200,0.6026490066225165,21.85430463576159,49000000.0,0,1771873432.6679664,1000
-1687517812.4135742,200,0.6834319526627219,23.835164835164836,50970000.0,0,1771873432.8691683,1000
-1801688574.081616,200,0.6892655367231638,23.727199354318,49980000.0,0,1771873433.051148,1000
-2559283368.4200673,200,0.7431192660550459,24.5740498034076,51000000.0,0,1771873433.2310965,1000
-1707233453.31855,200,0.6840390879478827,24.283852954862727,50930000.0,0,1771873433.4347281,1000
-1803704929.100627,200,0.674863387978142,23.260733801717407,50970000.0,0,1771873433.6076455,1000
-1351527666.2321982,200,0.6506849315068494,22.70058708414873,42000000.0,0,1771873433.7876863,1000
-2091239936.4121828,200,0.7265822784810126,24.440506329113923,50890000.0,0,1771873433.9565334,1000
-2358831772.2487645,200,0.7244655581947743,24.160162877502543,51000000.0,0,1771873434.1534715,1000
-2429398437.917291,200,0.7334963325183375,24.310164163464897,48000000.0,0,1771873434.3670387,1000
-2206256061.4094167,200,0.7346938775510204,24.7033527696793,50930000.0,0,1771873434.5797606,1000
-1180055527.2325788,200,0.5763888888888888,21.52777777777778,51000000.0,0,1771873434.8527234,1000
-2077061352.0470548,200,0.7180156657963447,24.095486758672138,48000000.0,0,1771873435.065962,1000
-384127500.0739391,200,0.39655172413793105,19.211822660098523,48000000.0,0,1771873435.2726593,1000
-1038709293.638797,200,0.5675675675675675,21.290678433535575,46000000.0,0,1771873435.483834,1000
-390254392.901724,200,0.3978494623655914,19.19047619047619,50930000.0,0,1771873435.6895576,1000
-822806408.7267265,200,0.5119047619047619,20.408163265306122,51000000.0,0,1771873435.8855398,1000
-2096485212.6331048,200,0.7236842105263158,23.984962406015036,44000000.0,0,1771873436.0982857,1000
-1532308738.8648062,200,0.6416382252559727,22.7206240858118,45000000.0,0,1771873436.3000917,1000
190500000.0,190,0.0,11.590296495956874,43000000.0,0,1771873436.488823,1000
-2918483298.0698733,200,0.7572614107883817,24.659158269116777,51000000.0,0,1771873436.6948109,1000
-949770774.8987882,200,0.5338983050847458,20.82324455205811,46000000.0,0,1771873437.048939,1000
-1062523978.6563385,200,0.5601503759398496,21.160042964554243,48000000.0,0,1771873437.2918236,1000
-2045451911.512824,200,0.71875,24.18154761904762,49000000.0,0,1771873437.5328796,1000
-2018753613.052689,200,0.7154255319148937,23.78191489361702,43970000.0,0,1771873437.7914603,1000
-281778991.90265435,200,0.3375,18.74642857142857,50980000.0,0,1771873438.0255344,1000
-2255683241.6855164,200,0.7208121827411168,24.286439448875996,50910000.0,0,1771873438.246045,1000
-1660140946.0252767,200,0.6503067484662577,23.049956178790534,51000000.0,0,1771873438.4511883,1000
-2653438138.085799,200,0.7528604118993135,24.45243543641713,45000000.0,0,1771873439.2176297,1000
-3016486961.6924233,200,0.7766179540709812,25.048613182224873,47940000.0,0,1771873439.4197454,1000
-592511452.7521062,200,0.4675925925925926,20.103174603174605,50980000.0,0,1771873439.6178057,1000
-2314494882.687182,200,0.7331670822942643,24.581403633772712,51000000.0,0,1771873439.879135,1000
186530000.0,178,0.0,11.796703296703297,42940000.0,0,1771873440.058814,1000
-2759672339.1484795,200,0.7568710359408034,24.705527031108428,51000000.0,0,1771873440.2756338,1000
-2245518111.4595723,200,0.7068965517241379,23.78606615059817,51000000.0,0,1771873440.5563014,1000
-290731843.3709291,200,0.32142857142857145,17.857142857142858,51000000.0,0,1771873440.800413,1000
-152320253.6116187,200,0.3006134969325153,16.65205959684487,46000000.0,0,1771873441.033279,1000
-2780119836.393837,200,0.78,24.761904761904763,39000000.0,0,1771873441.276564,1000
-2237305110.279955,200,0.7288135593220338,23.589761328260117,39990000.0,0,1771873441.5658753,1000
-1333754429.7687395,200,0.6269230769230769,21.75824175824176,35000000.0,0,1771873441.8187695,1000
-2073091808.002769,200,0.7091836734693877,23.68804664723032,47000000.0,0,1771873442.0627236,1000
-1183334015.2645395,200,0.5905797101449275,22.148033126293996,50950000.0,0,1771873442.3966753,1000
-2874914702.04273,200,0.7483731019522777,24.418964982956307,49000000.0,0,1771873442.6487129,1000
-1505780459.7261028,200,0.6304347826086957,22.448979591836736,50000000.0,0,1771873442.9074175,1000
-1734667670.3855731,200,0.6927899686520376,23.28705776981639,39000000.0,0,1771873443.1876771,1000
-1820654042.8955157,200,0.6780626780626781,23.44322344322344,50000000.0,0,1771873443.4791925,1000
-2199177232.499383,200,0.710997442455243,23.456339057362076,43000000.0,0,1771873443.7673008,1000
-3128700238.142803,200,0.788,24.914285714285715,42000000.0,0,1771873444.0668285,1000
-2542003269.531567,200,0.7337962962962963,24.33730158730159,50980000.0,0,1771873444.3435893,1000
-975552649.7959232,200,0.5486381322957199,21.345191773207336,51000000.0,0,1771873444.6439893,1000
-2904592342.8713183,200,0.7679324894514767,24.713682941531044,46000000.0,0,1771873444.9257576,1000
73323849.89586848,200,0.12,11.714285714285714,29000000.0,0,1771873445.2016754,1000
-3029265038.489887,200,0.7596741344195519,24.614489380273493,50000000.0,0,1771873445.4809866,1000
-354354563.24171615,200,0.3473053892215569,18.648417450812662,51000000.0,0,1771873445.73832,1000
-492521903.88586783,200,0.42857142857142855,19.533527696793,50000000.0,0,1771873446.0747206,1000
-524965353.7067299,200,0.43915343915343913,18.89644746787604,42000000.0,0,1771873446.3398614,1000
-948292926.1118212,200,0.57847533632287,22.28315182575272,44920000.0,0,1771873446.6056678,1000
-2642029811.505955,200,0.7610619469026548,24.399494310998737,42000000.0,0,1771873446.8876994,1000
-2232596874.8194695,200,0.7227488151658767,23.967501692620175,49000000.0,0,1771873447.1683137,1000
-2460214376.0817695,200,0.7402298850574712,24.236453201970445,47000000.0,0,1771873447.4682891,1000
-1459670284.5871954,200,0.6573426573426573,23.176823176823177,44000000.0,0,1771873447.7958202,1000
-2800231646.236568,200,0.767590618336887,24.733475479744136,46000000.0,0,1771873448.114199,1000
-1421130313.2785845,200,0.6253968253968254,22.49342403628118,50990000.0,0,1771873448.4207234,1000
-243751302.87383288,200,0.3443708609271523,17.975402081362347,43000000.0,0,1771873448.7323844,1000
-315857015.83831763,200,0.33519553072625696,16.75977653631285,45000000.0,0,1771873449.0356324,1000
-1001098651.7750931,200,0.5495867768595041,21.13341204250295,46000000.0,0,1771873449.3330925,1000
32340775.74540341,200,0.15671641791044777,14.072494669509595,45000000.0,0,1771873449.6166556,1000
-923658385.3144066,200,0.5719844357976653,22.012229016120067,51000000.0,0,1771873449.9218283,1000
-830876265.6295222,200,0.5307017543859649,20.30075187969925,41000000.0,0,1771873450.2013497,1000
-2615979106.712066,200,0.741304347826087,24.347826086956523,51000000.0,0,1771873450.500701,1000
-1176822535.0163202,200,0.6165413533834586,22.12674543501611,42000000.0,0,1771873450.8065338,1000
-2220900512.3111567,200,0.7175,24.071428571428573,50000000.0,0,1771873451.113947,1000
-2005288062.9101186,200,0.7185792349726776,23.88758782201405,43000000.0,0,1771873451.4250515,1000
-1323880956.7369096,200,0.6212624584717608,22.4015187470337,49000000.0,0,1771873451.7241466,1000
-1551393098.1566167,200,0.6503067484662577,22.52410166520596,45000000.0,0,1771873452.0253284,1000
-1753917955.2757862,200,0.6906906906906907,23.423423423423422,43000000.0,0,1771873452.3083234,1000
-714463560.1229217,200,0.4666666666666667,20.270748299319727,50990000.0,0,1771873452.5880134,1000
-2197198151.679002,200,0.7383419689119171,23.90821613619541,38000000.0,0,1771873452.8859084,1000
-2784530372.0176845,200,0.7565217391304347,24.720496894409937,50000000.0,0,1771873454.0141754,1000
-1358517886.5896137,200,0.6151419558359621,22.17214961694457,51000000.0,0,1771873454.3322077,1000
-2000328749.97925,200,0.711864406779661,23.728813559322035,42000000.0,0,1771873454.624931,1000
-2681562263.203916,200,0.7450110864745011,24.51694646816598,51000000.0,0,1771873454.9586804,1000
-2674524116.3888583,200,0.7575757575757576,24.50882450882451,43000000.0,0,1771873455.4002268,1000
-1081984417.7235124,200,0.5928853754940712,21.230942970073404,38000000.0,0,1771873455.7015455,1000
-1466212316.0967913,200,0.6415770609318996,22.836661546338966,44000000.0,0,1771873455.9870427,1000
-212258636.95936763,200,0.3072289156626506,17.03958691910499,48000000.0,0,1771873456.2740505,1000
-1037673117.7102251,200,0.5736434108527132,21.262458471760798,44000000.0,0,1771873456.5467927,1000
187530000.0,175,0.0,11.247252747252746,40940000.0,0,1771873456.7830892,1000
-1610547860.1613085,200,0.6932907348242812,22.91191236878138,34000000.0,0,1771873457.0807974,1000
-1666287875.327282,200,0.6748466257668712,22.87467134092901,41000000.0,0,1771873457.3804202,1000
-798861104.8587139,200,0.5384615384615384,20.297349709114414,38000000.0,0,1771873457.665137,1000
-2347670656.8869953,200,0.7024390243902439,23.62369337979094,51000000.0,0,1771873457.9694989,1000
-541456950.7430373,200,0.45698924731182794,18.89400921658986,38000000.0,0,1771873458.2996695,1000
-2301859507.6105604,200,0.7343358395989975,24.131757966344434,44000000.0,0,1771873458.6336896,1000
-160920605.97955698,200,0.2967741935483871,16.95852534562212,46000000.0,0,1771873458.9594345,1000
-339986294.5719956,200,0.37037037037037035,16.57848324514991,34000000.0,0,1771873459.2897532,1000
-1236536783.0813363,200,0.6145454545454545,22.337662337662337,46000000.0,0,1771873459.6255646,1000
-1855484317.2413723,200,0.7068965517241379,23.973727422003282,46000000.0,0,1771873459.9554503,1000
-1602025499.8328483,200,0.6666666666666666,22.073876279483756,34000000.0,0,1771873460.2834628,1000
-459570895.7756498,200,0.41935483870967744,17.51152073732719,36000000.0,0,1771873460.6055565,1000
161773254.60716692,200,0.03508771929824561,12.781954887218046,47000000.0,0,1771873460.928234,1000
-1524265275.9085488,200,0.6326530612244898,22.324031653477718,51000000.0,0,1771873461.262896,1000
-2424772671.8316436,200,0.7664233576642335,24.122349669794925,32000000.0,0,1771873461.5874622,1000
-359921170.5005952,200,0.39263803680981596,17.177914110429448,34000000.0,0,1771873461.9172447,1000
-2772497616.4468822,200,0.7551867219917012,24.540604623592177,50000000.0,0,1771873462.2423851,1000
-1420652267.0715663,200,0.6283783783783784,22.874517374517374,50980000.0,0,1771873462.555852,1000
-458285102.1412767,200,0.41798941798941797,19.65230536659108,51000000.0,0,1771873462.879405,1000
-987009995.4333458,200,0.5679012345679012,21.516754850088184,45000000.0,0,1771873463.1946862,1000
-440572503.48986936,200,0.41836734693877553,19.24198250728863,50000000.0,0,1771873463.4988995,1000
-1781460987.910157,200,0.6918604651162791,23.172757475083056,41000000.0,0,1771873463.8000467,1000
-144999351.41685438,200,0.2792207792207792,15.398886827458256,40000000.0,0,1771873464.1094606,1000
-847691078.1948487,200,0.529126213592233,22.16504854368932,50810000.0,0,1771873464.4853346,1000
-2988075360.2761674,200,0.8525345622119815,27.6714944042133,50330000.0,0,1771873464.7894392,1000
-3358497690.7444134,200,0.8293172690763052,26.592656339644293,50510000.0,0,1771873465.0924976,1000
-2502503342.888764,200,0.7729468599033816,25.578329882677707,50630000.0,0,1771873465.391226,1000
-2351923144.0730596,200,0.8043478260869565,26.893633540372672,50390000.0,0,1771873465.6997724,1000
-760525032.8001659,200,0.5767195767195767,24.099773242630384,50420000.0,0,1771873465.9976175,1000
-2652239517.1440845,200,0.8125,26.81642857142857,50430000.0,0,1771873466.3007646,1000
-2525177568.17129,200,0.8258575197889182,27.39087825103656,50340000.0,0,1771873466.5995755,1000
-267025810.2344377,200,0.40350877192982454,24.152882205513784,50370000.0,0,1771873466.9011438,1000
-1841950643.1639962,200,0.7762237762237763,27.214785214785216,50420000.0,0,1771873467.2118413,1000
-2763785946.3008513,200,0.830423940149626,27.314570716066974,50360000.0,0,1771873467.5301328,1000
-688249253.872632,200,0.6121212121212121,26.212987012987014,50380000.0,0,1771873467.83251,1000
-158615345.89775312,200,0.2966101694915254,20.702179176755447,50500000.0,0,1771873468.1380358,1000
-757260917.8412625,200,0.5965909090909091,25.22077922077922,50360000.0,0,1771873468.4403653,1000
-2638324930.1842713,200,0.8081841432225064,26.77237851662404,50380000.0,0,1771873468.756335,1000
-1232689894.502461,200,0.6987951807228916,25.754446356855997,50450000.0,0,1771873469.067703,1000
-2255357764.6571627,200,0.792507204610951,26.79374228077398,50410000.0,0,1771873469.3687766,1000
-2286592784.732399,200,0.8096590909090909,27.217532467532468,50320000.0,0,1771873470.5476918,1000
-98377138.53656575,200,0.27722772277227725,22.175388967468177,50390000.0,0,1771873470.8709865,1000
-259928089.75009918,200,0.35772357723577236,21.94192799070848,50460000.0,0,1771873471.1831353,1000
-1893408019.4264302,200,0.7539432176656151,26.090130689499773,50470000.0,0,1771873471.4880521,1000
-3246405472.746034,200,0.8592436974789915,27.573229291716686,50370000.0,0,1771873471.7948992,1000
-2839035058.4333134,200,0.8249400479616307,27.022953066118532,50400000.0,0,1771873472.1031656,1000
-2282615364.0451593,200,0.7952127659574468,26.548632218844986,50380000.0,0,1771873472.4679356,1000
-2790372059.0185485,200,0.8112745098039216,26.708683473389357,50400000.0,0,1771873472.7688556,1000
-1859423786.3452272,200,0.7684887459807074,26.58704639412035,50400000.0,0,1771873473.0919244,1000
-2776208592.870249,200,0.8092909535452323,26.64547677261614,50430000.0,0,1771873473.4202065,1000
-3377748712.988966,200,0.8483606557377049,27.187939110070257,50370000.0,0,1771873473.7278914,1000
-3002278906.261227,200,0.8236658932714617,26.87371561153464,50390000.0,0,1771873474.0266886,1000
-1338354579.5851343,200,0.7377777777777778,27.467936507936507,50310000.0,0,1771873474.3247797,1000
-2720909248.877484,200,0.8329355608591885,27.228775997272418,50310000.0,0,1771873474.626999,1000
-2177379995.8664727,200,0.7816091954022989,26.471264367816094,50420000.0,0,1771873474.9322746,1000
-2644812656.858825,200,0.8345864661654135,27.450053705692802,50340000.0,0,1771873475.2469244,1000
-3167679219.449557,200,0.8237791932059448,26.597512890506522,50460000.0,0,1771873475.5482676,1000
-3167459057.9127817,200,0.8351177730192719,26.946466809421842,50440000.0,0,1771873475.8458493,1000
-2386341585.58852,200,0.8228571428571428,27.61795918367347,50320000.0,0,1771873476.1626112,1000
-214150261.9290753,200,0.33035714285714285,22.290816326530614,50380000.0,0,1771873476.4588645,1000
-211802918.8536036,200,0.34782608695652173,22.467080745341615,50430000.0,0,1771873476.7718704,1000
-476577967.77784264,200,0.4962962962962963,24.863492063492064,50480000.0,0,1771873477.0713093,1000
-2066406341.397481,200,0.803076923076923,27.368791208791208,50320000.0,0,1771873477.376424,1000
-881492442.1095628,200,0.624390243902439,24.86689895470383,50420000.0,0,1771873477.678631,1000
-552514806.0776253,200,0.5279503105590062,24.031943212067436,50420000.0,0,1771873477.9766166,1000
-616824868.7022558,200,0.5632911392405063,25.198915009041592,50350000.0,0,1771873478.2857013,1000
-2591851357.006828,200,0.8293963254593176,27.470566179227596,50320000.0,0,1771873478.5924013,1000
-1031233700.090719,200,0.6328502415458938,25.0351966873706,50380000.0,0,1771873478.8905134,1000
-833531008.42525,200,0.5916230366492147,24.460732984293195,50520000.0,0,1771873479.2028494,1000
-349197416.6838522,200,0.43902439024390244,24.234610917537747,50330000.0,0,1771873479.5037284,1000
-2629874871.5235686,200,0.8258706467661692,27.17910447761194,50410000.0,0,1771873479.8160305,1000
-1709001001.946263,200,0.7463235294117647,26.610294117647058,50330000.0,0,1771873480.1832101,1000
-1428420179.2297006,200,0.7125,26.348809523809525,50330000.0,0,1771873480.4965353,1000
-2544786173.3469267,200,0.8009478672985783,26.30060934326337,50460000.0,0,1771873480.8109484,1000
-3185792724.7306695,200,0.8468468468468469,27.436936936936938,50370000.0,0,1771873481.115403,1000
-1590284559.4152153,200,0.7018867924528301,25.49865229110512,50500000.0,0,1771873481.4142005,1000
-2585436550.8573394,200,0.8175,26.96,50440000.0,0,1771873481.7169068,1000
-974456272.4439573,200,0.6580310880829016,26.247224278312363,50300000.0,0,1771873482.0208683,1000
-281701987.36754584,200,0.392,22.710857142857144,50360000.0,0,1771873482.336127,1000
-1453083620.646128,200,0.7266187050359713,25.944501541623843,50440000.0,0,1771873482.638896,1000
-622495420.7663926,200,0.5491329479768786,24.026424442609414,50480000.0,0,1771873482.94213,1000
-1561383003.4282963,200,0.7389558232931727,26.886976477337925,50320000.0,0,1771873483.2543323,1000
-3573154993.262645,200,0.8925619834710744,28.46517119244392,50200000.0,0,1771873483.56735,1000
-2556353668.7265697,200,0.8301886792452831,27.593376973430882,50300000.0,0,1771873483.885425,1000
-1996897323.6265564,200,0.7723076923076924,26.494945054945056,50380000.0,0,1771873484.191621,1000
-1044558647.3335106,200,0.6428571428571429,25.216326530612246,50340000.0,0,1771873484.4877932,1000
-779035523.6571069,200,0.5683060109289617,24.113973458235755,50450000.0,0,1771873484.7870736,1000
-2822933216.0367327,200,0.8272727272727273,26.90844155844156,50390000.0,0,1771873485.0960863,1000
-1341450922.082456,200,0.6910569105691057,25.610917537746808,50510000.0,0,1771873485.39732,1000
-2410772557.379346,200,0.8148148148148148,27.09297052154195,50440000.0,0,1771873485.6965375,1000
-3068700046.7110476,200,0.832258064516129,26.873118279569894,50360000.0,0,1771873487.0028458,1000
-2545431620.343327,200,0.8172043010752689,27.208141321044547,50250000.0,0,1771873487.3567443,1000
-1880751453.6858983,200,0.7491961414790996,26.03399173174093,50380000.0,0,1771873487.699863,1000
-2409745202.288538,200,0.8126649076517151,27.020731247644175,50430000.0,0,1771873488.0953355,1000
-1271809688.8751857,200,0.7035398230088495,26.463969658659924,50330000.0,0,1771873488.4405813,1000
-2155747616.930059,200,0.7846153846153846,26.846593406593406,50380000.0,0,1771873488.7741408,1000
-1481902011.763968,200,0.7211155378486056,26.338076266363117,50380000.0,0,1771873489.103884,1000
-1579766501.6842918,200,0.7372262773722628,26.310740354535977,50320000.0,0,1771873489.4432077,1000
-3197399408.717168,200,0.8498896247240618,27.455692210659098,50310000.0,0,1771873489.7816763,1000
-3165352016.3491616,200,0.8388520971302428,27.146010722169663,50400000.0,0,1771873490.1570604,1000
-438656675.7559731,200,0.45384615384615384,24.03076923076923,50340000.0,0,1771873490.5040367,1000
-2833824313.493149,200,0.8352402745995423,27.159202353710363,50400000.0,0,1771873490.8330736,1000
-2000398929.808495,200,0.7841269841269841,26.96780045351474,50320000.0,0,1771873491.1705909,1000
-1212049120.8011749,200,0.7102803738317757,27.013351134846463,50330000.0,0,1771873491.5063348,1000
-3224014465.3114214,200,0.8471337579617835,27.259933272672125,50380000.0,0,1771873491.8547862,1000
-1943699302.9215183,200,0.7554858934169278,26.100313479623825,50410000.0,0,1771873492.1865165,1000
-1950602277.6170332,200,0.7708978328173375,26.484741264927024,50410000.0,0,1771873492.519156,1000
-1401122757.3831754,200,0.7181467181467182,26.077220077220076,50390000.0,0,1771873492.85384,1000
-681084799.3648071,200,0.5647058823529412,24.60168067226891,50380000.0,0,1771873493.181443,1000
-1144747834.6646416,200,0.6606334841628959,25.40142210730446,50480000.0,0,1771873493.5149527,1000
-1021219001.4119041,200,0.6866359447004609,26.24621461487821,50340000.0,0,1771873493.8540287,1000
-1076183804.2708962,200,0.680952380952381,26.30748299319728,50360000.0,0,1771873494.1935196,1000
-3609579610.724936,200,0.8712273641851107,27.78557056625467,50330000.0,0,1771873494.5281668,1000
-1031797054.155478,200,0.6305418719211823,25.106263194933145,50380000.0,0,1771873494.8626165,1000
-779682214.4546148,200,0.5838150289017341,24.99421965317919,50340000.0,0,1771873495.1931891,1000
-3177380237.8910165,200,0.8400852878464818,27.07097167225099,50370000.0,0,1771873495.5208802,1000
-2052976411.4853911,200,0.7852941176470588,26.667226890756304,50340000.0,0,1771873495.843845,1000
-1109952326.8632948,200,0.6866359447004609,26.235681369321924,50260000.0,0,1771873496.1800315,1000
-915610095.7493331,200,0.6306818181818182,26.183441558441558,50290000.0,0,1771873496.5252378,1000
-2778550672.2235603,200,0.8442822384428224,27.614876607577337,50240000.0,0,1771873496.8340755,1000
-2007700758.0703266,200,0.7571884984025559,26.238247375627566,50440000.0,0,1771873497.1487298,1000
-2438603380.79955,200,0.8172323759791122,27.10182767624021,50300000.0,0,1771873497.4623022,1000
-2571589724.092008,200,0.7968337730870713,26.567659253675085,50420000.0,0,1771873497.7779944,1000
-3209712338.591631,200,0.8383620689655172,27.060344827586206,50460000.0,0,1771873498.0875628,1000
-1595888318.8567395,200,0.7573529411764706,26.92752100840336,50350000.0,0,1771873498.3994014,1000
-2244973172.746842,200,0.7176165803108808,24.27165062916358,50910000.0,0,1771873498.7226627,1000
-2657837238.776666,200,0.7820224719101123,24.398073836276083,32000000.0,0,1771873499.0325243,1000
-2444480245.846041,200,0.763681592039801,23.951670220326935,30000000.0,0,1771873499.3403556,1000
-1678126434.3488798,200,0.6524390243902439,22.125435540069688,40000000.0,0,1771873499.652639,1000
-140202356.91669774,200,0.2900763358778626,14.612868047982552,29000000.0,0,1771873499.966337,1000
-2149323847.011764,200,0.7198952879581152,23.485415108451758,39000000.0,0,1771873500.2806828,1000
-1141166247.6818252,200,0.5950413223140496,20.89728453364817,33000000.0,0,1771873500.59988,1000
-626490896.0674579,200,0.5024875621890548,19.3319118692253,35000000.0,0,1771873500.9627402,1000
119074910.80849628,200,0.07407407407407407,8.201058201058201,23000000.0,0,1771873501.2694335,1000
-1807662234.4151492,200,0.7060518731988472,22.972416632358996,34000000.0,0,1771873501.5866084,1000
-2927831730.7322016,200,0.7850877192982456,24.49874686716792,33000000.0,0,1771873501.90641,1000
-1275722169.3383915,200,0.6245353159851301,21.03027084439724,30000000.0,0,1771873502.2173567,1000
-1731248269.3722608,200,0.6869300911854104,22.83977420755536,37000000.0,0,1771873502.5313838,1000
-170704750.79777336,200,0.2698412698412698,13.832199546485262,27000000.0,0,1771873502.8418217,1000
-1166047682.0992203,200,0.6040816326530613,20.408163265306122,27000000.0,0,1771873503.1645076,1000
-1243339577.5372221,200,0.6285714285714286,21.53061224489796,35000000.0,0,1771873504.4702792,1000
-3320639148.377774,200,0.8012048192771084,24.78485370051635,33000000.0,0,1771873504.7836149,1000
-355810037.5005057,200,0.4012345679012346,18.34215167548501,39000000.0,0,1771873505.1020892,1000
-103575091.60362285,200,0.2556390977443609,15.037593984962406,36000000.0,0,1771873505.418242,1000
-1790985190.0029068,200,0.6797583081570997,22.270176952956408,33000000.0,0,1771873505.728197,1000
-408550425.82311165,200,0.38271604938271603,17.10758377425044,35000000.0,0,1771873506.0322974,1000
-2331965225.9068727,200,0.7435233160621761,24.05625462620281,38000000.0,0,1771873506.3435466,1000
-218390128.04535496,200,0.29518072289156627,16.523235800344235,47000000.0,0,1771873506.641698,1000
-1163665717.9322736,200,0.5797665369649806,20.900500277932185,39000000.0,0,1771873506.9502664,1000
-65087093.26084384,200,0.24242424242424243,13.203463203463203,29000000.0,0,1771873507.2610636,1000
-1533270169.754751,200,0.7081967213114754,22.950819672131146,29000000.0,0,1771873507.5764875,1000
-2726323168.2935805,200,0.7709750566893424,24.230644638807902,34000000.0,0,1771873507.9222791,1000
-2455696159.1820397,200,0.773067331670823,23.940149625935163,26000000.0,0,1771873508.2772923,1000
13712238.826296896,200,0.15454545454545454,11.948051948051948,29000000.0,0,1771873508.6402109,1000
-76837869.01891902,200,0.2462686567164179,14.925373134328359,37000000.0,0,1771873509.081307,1000
-1804674263.745846,200,0.6967930029154519,23.07371928363182,38000000.0,0,1771873509.431456,1000
-2068433501.9789004,200,0.7416666666666667,23.80952380952381,33000000.0,0,1771873509.8483095,1000
-2359732631.02247,200,0.7287735849056604,24.056603773584907,48000000.0,0,1771873510.1774333,1000
-113733792.11569959,200,0.2814814814814815,13.968253968253968,28000000.0,0,1771873510.5105302,1000
-1747345113.8578908,200,0.6888217522658611,22.701769529564093,35000000.0,0,1771873510.8457503,1000
-2558168108.852752,200,0.7735368956743003,24.50018175209015,33000000.0,0,1771873511.1996877,1000
-3128412505.8975,200,0.788135593220339,24.576271186440678,34000000.0,0,1771873511.5341833,1000
-1224658976.3121665,200,0.657258064516129,21.543778801843317,24000000.0,0,1771873511.8440368,1000
-1210554375.4288201,200,0.6236162361623616,21.40221402214022,34000000.0,0,1771873512.1635396,1000
-422648489.5848452,200,0.41818181818181815,17.316017316017316,31000000.0,0,1771873512.4783459,1000
-1665563630.044046,200,0.6842105263157895,22.838345864661655,35000000.0,0,1771873512.7817688,1000
-2259380794.487558,200,0.7591623036649214,23.93418100224383,30000000.0,0,1771873513.0939467,1000
-547353021.6465099,200,0.45294117647058824,17.81512605042017,29000000.0,0,1771873513.412249,1000
-1538021503.7659779,200,0.6666666666666666,21.942110177404295,31000000.0,0,1771873513.7276897,1000
-1541944681.5258677,200,0.6852459016393443,22.857142857142858,35000000.0,0,1771873514.0380306,1000
-1120936674.0142856,200,0.6133828996282528,21.136484333510356,34000000.0,0,1771873514.3582501,1000
44535940.526571184,200,0.15254237288135594,12.590799031476998,34000000.0,0,1771873514.6615222,1000
-1343496000.5767386,200,0.6796875,22.098214285714285,24000000.0,0,1771873514.9725525,1000
-1705242614.1625032,200,0.6895424836601307,23.15592903828198,37000000.0,0,1771873515.295617,1000
-530361579.9966985,200,0.44642857142857145,18.197278911564627,32000000.0,0,1771873515.6027298,1000
-2354641725.5647016,200,0.741514360313316,23.424095486758674,30000000.0,0,1771873515.918355,1000
-1533718317.7933393,200,0.6802721088435374,22.740524781341108,34000000.0,0,1771873516.2365623,1000
-1382453582.1194909,200,0.6304347826086957,21.73913043478261,36000000.0,0,1771873516.551903,1000
-790909526.0568126,200,0.5402843601895735,19.63439404197698,31000000.0,0,1771873516.8593702,1000
-3323661481.7368965,200,0.8028169014084507,24.547283702213278,28000000.0,0,1771873517.1812196,1000
-1047806243.2172484,200,0.5967741935483871,20.737327188940093,32000000.0,0,1771873517.485656,1000
-1025927780.1383061,200,0.5766129032258065,21.08294930875576,40000000.0,0,1771873517.7925014,1000
-2765467679.500564,200,0.7767653758542141,24.015619915392126,28000000.0,0,1771873518.1053078,1000
-1272466095.6434546,200,0.6094890510948905,21.584984358706986,40000000.0,0,1771873518.424956,1000
-1595400221.4220316,200,0.6886792452830188,22.461814914645103,31000000.0,0,1771873518.7454805,1000
-3004989882.795471,200,0.8,24.946236559139784,34000000.0,0,1771873519.0607398,1000
-1351037569.0929623,200,0.627177700348432,21.702339472374316,38000000.0,0,1771873519.374975,1000
-3076822881.8189883,200,0.7942973523421588,24.84725050916497,37000000.0,0,1771873519.6840022,1000
-1738741080.1118739,200,0.7225806451612903,23.410138248847925,30000000.0,0,1771873520.0084965,1000
-2739787102.696718,200,0.7807606263982103,24.288910194950464,31000000.0,0,1771873520.3270917,1000
-1918298138.2841458,200,0.7405247813411079,23.323615160349853,26000000.0,0,1771873521.6628346,1000
-460478807.57517076,200,0.4476744186046512,17.27574750830565,27000000.0,0,1771873521.9760287,1000
-721740108.1258168,200,0.5388349514563107,19.972260748959776,33000000.0,0,1771873522.290488,1000
-2417588962.3909826,200,0.7668393782383419,23.83419689119171,26000000.0,0,1771873522.6106436,1000
-1406222329.6384206,200,0.6472602739726028,21.72211350293542,33000000.0,0,1771873522.9219534,1000
-2936929686.7384663,200,0.7886710239651417,24.463118580765638,31000000.0,0,1771873523.2431903,1000
-54614094.54225898,200,0.2288135593220339,12.832929782082324,26000000.0,0,1771873523.5665739,1000
-819890321.1823821,200,0.5688888888888889,20.6984126984127,35000000.0,0,1771873523.874699,1000
-81216029.13552403,200,0.24603174603174602,15.192743764172336,36000000.0,0,1771873524.1872888,1000
-1803661657.1427615,200,0.7093023255813954,22.92358803986711,32000000.0,0,1771873524.4975746,1000
-902213408.433019,200,0.6,20.952380952380953,28000000.0,0,1771873524.8242283,1000
-2035413635.2812285,200,0.7319277108433735,23.06368330464716,25000000.0,0,1771873525.1377268,1000
-2155246940.116802,200,0.7465181058495822,23.955431754874652,33000000.0,0,1771873525.4485655,1000
-1238810990.6065388,200,0.6425855513307985,20.749592612710483,22000000.0,0,1771873525.7608325,1000
-18249693.16545835,200,0.17037037037037037,12.91005291005291,38000000.0,0,1771873526.0643048,1000
-1887612903.1372175,200,0.6985074626865672,22.51599147121535,30000000.0,0,1771873526.4453015,1000
-1037877188.4584429,200,0.6340425531914894,20.425531914893618,19000000.0,0,1771873526.7615328,1000
-400166038.47976637,200,0.4418604651162791,16.943521594684384,26000000.0,0,1771873527.076072,1000
-1468347618.9772651,200,0.6982456140350877,22.25563909774436,23000000.0,0,1771873527.3928742,1000
-2801884644.8211784,200,0.7945492662473794,24.13896376160527,24000000.0,0,1771873527.7202022,1000
-2684193185.186457,200,0.7775229357798165,24.18086500655308,30000000.0,0,1771873528.0477436,1000
-2416160543.5939145,200,0.7421875,23.660714285714285,33000000.0,0,1771873528.3876495,1000
-2518168058.3261743,200,0.7662650602409639,23.820998278829602,28000000.0,0,1771873528.7078004,1000
-1028935782.1286104,200,0.5966386554621849,20.408163265306122,28000000.0,0,1771873529.0259538,1000
-2534571702.297232,200,0.7777777777777778,24.045930428909152,27000000.0,0,1771873529.342077,1000
-1746858437.2044048,200,0.7040498442367601,22.073876279483756,22000000.0,0,1771873529.662994,1000
-1648015606.3274686,200,0.7222222222222222,22.969187675070028,25000000.0,0,1771873529.9909968,1000
-630473310.7026206,200,0.5074626865671642,19.189765458422176,33000000.0,0,1771873530.3078458,1000
185899970.87250683,200,0.01834862385321101,9.436435124508519,34000000.0,0,1771873530.6191952,1000
-3368316058.5830564,200,0.823170731707317,25.087108013937282,27000000.0,0,1771873530.932347,1000
-1850988358.4858508,200,0.6997167138810199,22.662889518413596,33000000.0,0,1771873531.2515416,1000
-562331871.7702563,200,0.46629213483146065,17.014446227929373,23000000.0,0,1771873531.563142,1000
-2124863239.4374065,200,0.7392550143266475,23.49570200573066,29000000.0,0,1771873531.8751788,1000
-878275012.5506861,200,0.56,18.793650793650794,22000000.0,0,1771873532.1914675,1000
-84690253.86974218,200,0.23622047244094488,12.373453318335208,25000000.0,0,1771873532.5166044,1000
-9598129.991985142,200,0.1794871794871795,11.965811965811966,28000000.0,0,1771873532.838998,1000
-661089942.5614119,200,0.4835164835164835,18.838304552590266,32000000.0,0,1771873533.1575058,1000
-2912568070.1621256,200,0.7917570498915402,24.418964982956307,29000000.0,0,1771873533.4862213,1000
-791295819.0645818,200,0.5736040609137056,20.159535895576504,26000000.0,0,1771873533.80913,1000
-89352599.12491426,200,0.2689075630252101,11.524609843937576,16000000.0,0,1771873534.1519814,1000
-367339533.79069936,200,0.36538461538461536,16.666666666666668,34000000.0,0,1771873534.486604,1000
-1603631338.8802898,200,0.7030716723549488,22.623110677718188,26000000.0,0,1771873534.8227203,1000
-3213304168.550431,200,0.8044806517311609,24.43991853360489,25000000.0,0,1771873535.1721458,1000
-1985209874.672257,200,0.7428571428571429,24.0,34000000.0,0,1771873535.528717,1000
-3034103235.099309,200,0.7945492662473794,24.558250973345313,31000000.0,0,1771873535.877718,1000
-694094447.7948092,200,0.5071090047393365,18.68652674339878,31000000.0,0,1771873536.212747,1000
-1336065839.3876057,200,0.6716417910447762,21.535181236673775,22000000.0,0,1771873536.5357556,1000
-1398045450.976938,200,0.6666666666666666,21.63561076604555,25000000.0,0,1771873536.8761237,1000
-1181896082.9618073,200,0.6573705179282868,21.96926579396699,28000000.0,0,1771873537.2113054,1000
-1168776952.065537,200,0.66796875,21.986607142857142,26000000.0,0,1771873537.5329757,1000
-555906961.775362,200,0.4918918918918919,18.37837837837838,28000000.0,0,1771873538.9163356,1000
-3025445266.7684994,200,0.8039647577092511,24.543738200125865,25000000.0,0,1771873539.244358,1000
-3311045.9870504737,200,0.1953125,13.392857142857142,35000000.0,0,1771873539.5708869,1000
-3014205304.3985925,200,0.8246753246753247,25.04638218923933,24000000.0,0,1771873539.892995,1000
-1332119850.6636448,200,0.6605839416058394,21.48070907194995,25000000.0,0,1771873540.217083,1000
58418909.03531617,200,0.13274336283185842,11.378002528445005,30000000.0,0,1771873540.5350382,1000
-579069645.8974068,200,0.5116279069767442,18.272425249169434,22000000.0,0,1771873540.9104738,1000
-506848889.01036346,200,0.46987951807228917,16.867469879518072,20000000.0,0,1771873541.3066823,1000
-1284936211.168493,200,0.6679389312977099,21.264994547437297,20000000.0,0,1771873541.6394467,1000
-561971795.9436326,200,0.4666666666666667,17.142857142857142,24000000.0,0,1771873541.9527113,1000
-495308762.9542055,200,0.44025157232704404,16.531895777178796,22000000.0,0,1771873542.275462,1000
-426594483.23723996,200,0.43902439024390244,17.073170731707318,26000000.0,0,1771873542.5887473,1000
-3146512482.47847,200,0.8170212765957446,24.80243161094225,24000000.0,0,1771873542.9064035,1000
-2031292022.2828708,200,0.7591036414565826,23.369347739095637,21000000.0,0,1771873543.2385635,1000
-480082312.21141624,200,0.44047619047619047,17.517006802721088,29000000.0,0,1771873543.5803752,1000
-399786952.38353944,200,0.4260355029585799,16.737109044801354,27000000.0,0,1771873543.8992715,1000
-1912538131.7751856,200,0.7175141242937854,22.5181598062954,25000000.0,0,1771873544.2278533,1000
-103663744.12275386,200,0.2558139534883721,13.289036544850498,27000000.0,0,1771873544.5508146,1000
-78070516.3814455,200,0.24793388429752067,12.04250295159386,21000000.0,0,1771873544.8672462,1000
-645566879.8549855,200,0.5084745762711864,18.724778046811945,26000000.0,0,1771873545.1883533,1000
-1039532047.7906206,200,0.5818965517241379,20.56650246305419,32000000.0,0,1771873545.5165024,1000
-1892505617.834777,200,0.7121212121212122,22.77056277056277,28000000.0,0,1771873545.8398018,1000
74714189.52481957,200,0.11,10.0,24000000.0,0,1771873546.1633778,1000
-2448966139.597246,200,0.7536945812807881,23.5045742434905,28000000.0,0,1771873546.4918237,1000
-507969588.0874859,200,0.44171779141104295,17.177914110429448,26000000.0,0,1771873546.803277,1000
-1540752060.039727,200,0.6904761904761905,21.963070942662778,23000000.0,0,1771873547.1264868,1000
-210950546.88352966,200,0.3333333333333333,14.718614718614718,24000000.0,0,1771873547.456091,1000
-1956972537.8750181,200,0.7416413373860182,23.013460703430308,21000000.0,0,1771873547.7847214,1000
-3173750962.4175067,200,0.8145833333333333,24.642857142857142,23000000.0,0,1771873548.1037388,1000
-3272088332.032572,200,0.8061224489795918,24.839650145772595,31000000.0,0,1771873548.4549172,1000
-3280702121.1980577,200,0.8104838709677419,24.711981566820278,27000000.0,0,1771873548.7796755,1000
-883838763.2225149,200,0.5642201834862385,19.134993446920053,23000000.0,0,1771873549.1036427,1000
-1265413946.608383,200,0.6179775280898876,20.652755484216158,28000000.0,0,1771873549.428234,1000
-2224663996.600588,200,0.7804878048780488,23.770809136662795,19000000.0,0,1771873549.7440476,1000
-3100738496.4136033,200,0.8,24.329896907216494,25000000.0,0,1771873550.13186,1000
-845460481.2459022,200,0.5555555555555556,19.32367149758454,25000000.0,0,1771873550.4560452,1000
-2230200091.902481,200,0.7568306010928961,23.185011709601874,20000000.0,0,1771873550.7764819,1000
-1129273272.769196,200,0.5909090909090909,20.562770562770563,34000000.0,0,1771873551.0917237,1000
-1491819625.2824929,200,0.6996336996336996,22.29199372056515,22000000.0,0,1771873551.4155414,1000
-2426429893.0986247,200,0.7707808564231738,23.893486865779057,26000000.0,0,1771873551.7343094,1000
-2728804009.067941,200,0.7906976744186046,24.25249169435216,25000000.0,0,1771873552.053525,1000
-903061258.1486721,200,0.5829787234042553,19.817629179331306,26000000.0,0,1771873552.3743289,1000
-467063887.1114135,200,0.4723926380368098,17.177914110429448,21000000.0,0,1771873552.6895306,1000
-1426499451.499742,200,0.6631205673758865,21.98581560283688,30000000.0,0,1771873553.0071445,1000
-2049435019.7627769,200,0.7507246376811594,22.691511387163562,15000000.0,0,1771873553.3406363,1000
-1337610672.6058369,200,0.6733333333333333,21.428571428571427,23000000.0,0,1771873553.664507,1000
-1852549565.0250273,200,0.7244582043343654,23.175586023883238,28000000.0,0,1771873553.994001,1000
-1704167757.445046,200,0.696875,22.767857142857142,32000000.0,0,1771873554.3261428,1000
-3066899798.832463,200,0.7869565217391304,24.099378881987576,26000000.0,0,1771873554.647767,1000
-1507572244.8438504,200,0.6933797909407665,22.399203583872573,26000000.0,0,1771873554.9700558,1000
-426023474.71591437,200,0.4444444444444444,17.233560090702948,30000000.0,0,1771873556.396988,1000
-953906717.4217229,200,0.5950413223140496,20.306965761511215,28000000.0,0,1771873556.731505,1000
-2254650149.098424,200,0.7538860103626943,23.168023686158403,22000000.0,0,1771873557.051385,1000
-537402933.7321852,200,0.4838709677419355,17.204301075268816,22000000.0,0,1771873557.3934948,1000
-873264221.380393,200,0.5746606334841629,20.297349709114414,30000000.0,0,1771873557.7110546,1000
-1006905724.9201145,200,0.6075949367088608,20.494273658830622,26000000.0,0,1771873558.0334773,1000
-449376922.84569204,200,0.4520547945205479,17.80821917808219,25000000.0,0,1771873558.3691196,1000
-1489977711.9684653,200,0.6810035842293907,21.402969790066564,19000000.0,0,1771873558.6920211,1000
-355744495.0714432,200,0.38562091503267976,15.126050420168067,22000000.0,0,1771873559.005562,1000
-3293535861.0090485,200,0.8280922431865828,25.157232704402517,25000000.0,0,1771873559.3658235,1000
-2714391328.827551,200,0.786697247706422,24.37745740498034,29000000.0,0,1771873559.7217188,1000
-934816326.8990777,200,0.5650224215246636,19.218449711723256,24000000.0,0,1771873560.0997388,1000
-3093236267.072084,200,0.8354978354978355,25.10822510822511,20000000.0,0,1771873560.4709938,1000
-537091743.6351774,200,0.4588235294117647,17.478991596638654,26000000.0,0,1771873560.9297314,1000
-1901897737.815456,200,0.7178770949720671,22.426177174780527,24000000.0,0,1771873561.2784438,1000
-1471394587.4612896,200,0.6972111553784861,21.74160500853728,16000000.0,0,1771873561.6252325,1000
-2082085973.6476307,200,0.7346368715083799,22.984836392657623,25000000.0,0,1771873561.9814332,1000
-216460893.5370254,200,0.30952380952380953,13.832199546485262,22000000.0,0,1771873562.3282473,1000
-2336261305.5574665,200,0.7531486146095718,23.605613530046778,29000000.0,0,1771873562.6574023,1000
-2567297985.893105,200,0.7941176470588235,24.019607843137255,19000000.0,0,1771873562.9722023,1000
-1750143394.0051055,200,0.7015873015873015,22.22222222222222,24000000.0,0,1771873563.308936,1000
-2877330389.250456,200,0.7919463087248322,23.841482901885588,19000000.0,0,1771873563.6433244,1000
-2993572426.251215,200,0.7874186550976139,24.109079640533004,26000000.0,0,1771873563.9740856,1000
-835249253.5012206,200,0.5740740740740741,19.047619047619047,20000000.0,0,1771873564.2922597,1000
-2432182123.4245024,200,0.7902439024390244,23.62369337979094,15000000.0,0,1771873564.6084955,1000
-171786952.9399591,200,0.3023255813953488,14.174972314507198,25000000.0,0,1771873564.920643,1000
67607855.16293028,200,0.1188118811881188,9.900990099009901,23000000.0,0,1771873565.2445574,1000
-3197645661.3864336,200,0.8099173553719008,24.734356552538372,27000000.0,0,1771873565.5697691,1000
-907928642.7092489,200,0.6172248803827751,20.095693779904305,18000000.0,0,1771873565.8935673,1000
-1728350410.055599,200,0.7111111111111111,22.312925170068027,22000000.0,0,1771873566.2119544,1000
-2578410570.543194,200,0.806146572104019,23.910840932117527,13000000.0,0,1771873566.5384002,1000
-3387745533.23721,200,0.8370221327967807,24.834722621442943,16000000.0,0,1771873566.868666,1000
-3311111072.6871595,200,0.8126272912423625,24.498108815827756,22000000.0,0,1771873567.210103,1000
-950350819.7517481,200,0.5991561181434599,20.01205545509343,24000000.0,0,1771873567.5316038,1000
-3128769138.7377405,200,0.806060606060606,24.3001443001443,22000000.0,0,1771873567.858344,1000
-431909802.66373277,200,0.43037974683544306,16.2748643761302,22000000.0,0,1771873568.1931584,1000
-2791499080.407273,200,0.8091954022988506,24.564860426929393,22000000.0,0,1771873568.5356596,1000
-1626136768.4033394,200,0.6831683168316832,21.593587930221595,22000000.0,0,1771873568.874453,1000
-769127108.0709767,200,0.5583756345177665,19.86947063089195,27000000.0,0,1771873569.2139256,1000
-1598242751.9657571,200,0.7108843537414966,22.06025267249757,18000000.0,0,1771873569.567595,1000
-1052034493.8479128,200,0.6285714285714286,20.54421768707483,19000000.0,0,1771873569.9258137,1000
-814642139.1695328,200,0.5891891891891892,18.841698841698843,13000000.0,0,1771873570.2825828,1000
-2307293129.716901,200,0.8011204481792717,23.929571828731493,13000000.0,0,1771873570.6408584,1000
-759404588.8178239,200,0.5808080808080808,19.047619047619047,17000000.0,0,1771873570.9930167,1000
-1008212186.8014317,200,0.5882352941176471,20.048019207683073,27000000.0,0,1771873571.3474107,1000
-136137022.22016627,200,0.2831858407079646,14.15929203539823,24000000.0,0,1771873571.7090244,1000
-1745338335.9800472,200,0.7046783625730995,22.305764411027567,26000000.0,0,1771873572.0605066,1000
-1449359357.02957,200,0.6830188679245283,21.671159029649594,20000000.0,0,1771873572.486028,1000
-1716942162.2866268,200,0.7207792207792207,22.541743970315398,21000000.0,0,1771873572.8489854,1000
-1955625933.233963,200,0.7478260869565218,23.1055900621118,21000000.0,0,1771873573.2117627,1000
-432996919.6271148,200,0.4552238805970149,16.844349680170577,18000000.0,0,1771873574.8401449,1000
-1294510704.7485602,200,0.6785714285714286,21.201814058956916,16000000.0,0,1771873575.205188,1000
-2823605644.7564983,200,0.8041002277904328,24.210868857793688,19000000.0,0,1771873575.5628073,1000
-910066104.931632,200,0.6086956521739131,19.461697722567287,15000000.0,0,1771873575.9143507,1000
-1967863434.7818995,200,0.7822085889570553,23.926380368098158,18000000.0,0,1771873576.273934,1000
-1514369188.1575708,200,0.688135593220339,21.791767554479417,22000000.0,0,1771873576.6265142,1000
-298026682.5245388,200,0.39097744360902253,14.607948442534909,16000000.0,0,1771873576.986382,1000
-1241545299.5480669,200,0.6791666666666667,21.071428571428573,14000000.0,0,1771873577.341089,1000
-2267318554.64714,200,0.768361581920904,23.163841807909606,15000000.0,0,1771873577.693446,1000
-3065146620.3395557,200,0.8253275109170306,24.578914535246412,16000000.0,0,1771873578.0420427,1000
-2060560273.2265153,200,0.7405247813411079,22.740524781341108,19000000.0,0,1771873578.4103973,1000
-87523893.11204332,200,0.265625,14.285714285714286,30000000.0,0,1771873578.7631576,1000
-2896046353.988413,200,0.8043478260869565,24.161490683229815,19000000.0,0,1771873579.1160944,1000
-2464830855.067916,200,0.775,23.571428571428573,20000000.0,0,1771873579.4691136,1000
-3227167807.190012,200,0.8150537634408602,24.331797235023043,17000000.0,0,1771873579.8227518,1000
-607434469.9521219,200,0.5348837209302325,18.6046511627907,20000000.0,0,1771873580.1914983,1000
-1492770128.6997254,200,0.6860068259385665,21.550463188688443,20000000.0,0,1771873580.5419495,1000
-398740859.58637,200,0.43537414965986393,15.743440233236152,17000000.0,0,1771873580.8922317,1000
-1745122865.6645796,200,0.7171052631578947,22.086466165413533,17000000.0,0,1771873581.2374237,1000
34162654.21587026,200,0.1388888888888889,10.052910052910052,23000000.0,0,1771873581.5583525,1000
-262094341.78128958,200,0.3695652173913043,15.113871635610765,22000000.0,0,1771873581.8773699,1000
-2691680774.3863845,200,0.7906976744186046,23.920265780730897,20000000.0,0,1771873582.214112,1000
-2401792365.795848,200,0.789873417721519,23.580470162748643,14000000.0,0,1771873582.5463934,1000
-1811563932.1472135,200,0.6913946587537092,22.212802034760493,29000000.0,0,1771873582.8702643,1000
-737035949.949194,200,0.5613207547169812,18.328840970350406,17000000.0,0,1771873583.2232885,1000
-3335280549.308097,200,0.8461538461538461,24.82922482922483,11000000.0,0,1771873583.5665581,1000
-260649136.15983617,200,0.39568345323741005,15.00513874614594,18000000.0,0,1771873583.9564514,1000
-778612366.2386054,200,0.5523255813953488,17.940199335548172,13000000.0,0,1771873584.2934802,1000
-2302929755.282118,200,0.7636363636363637,23.07977736549165,17000000.0,0,1771873584.6240523,1000
-2196596875.818762,200,0.7642276422764228,23.306233062330623,19000000.0,0,1771873584.9456828,1000
-2764634202.929651,200,0.7876712328767124,23.874755381604697,21000000.0,0,1771873585.2728689,1000
-3165290629.8939857,200,0.8195020746887967,24.125666864256075,12000000.0,0,1771873585.6087077,1000
-3188265401.4342265,200,0.8378947368421052,24.902255639097746,16000000.0,0,1771873585.9428086,1000
-2856828885.316176,200,0.7924944812362031,24.156417533900978,24000000.0,0,1771873586.2817204,1000
-3180163627.4071045,200,0.8463203463203464,24.984539270253556,13000000.0,0,1771873586.6193352,1000
-1727462666.770732,200,0.7465753424657534,23.189823874755383,19000000.0,0,1771873586.949345,1000
-2650259031.4006224,200,0.7811059907834101,24.226464779460173,29000000.0,0,1771873587.279632,1000
-2487789526.2894554,200,0.7670886075949367,23.508137432188065,22000000.0,0,1771873587.6126122,1000
-490178653.7147628,200,0.5,18.344155844155843,25000000.0,0,1771873587.9417443,1000
-2612039055.637055,200,0.7769784172661871,23.43268242548818,18000000.0,0,1771873588.2769163,1000
-424790038.1164851,200,0.44654088050314467,15.274034141958671,14000000.0,0,1771873588.617242,1000
-277997404.6455543,200,0.38016528925619836,14.403778040141676,15000000.0,0,1771873588.9515407,1000
-1751138595.0707557,200,0.6845425867507886,21.270842721946824,19000000.0,0,1771873589.2849693,1000
-1294657187.1527164,200,0.6498054474708171,20.344635908838242,16000000.0,0,1771873589.6116078,1000
-3226551800.800353,200,0.8148893360160966,24.31733256682955,18000000.0,0,1771873589.9477613,1000
-2570735963.325156,200,0.794044665012407,23.750443105281814,15000000.0,0,1771873590.276349,1000
-727955216.0612407,200,0.5808080808080808,17.893217893217894,9000000.0,0,1771873590.6176906,1000
-597269034.7617086,200,0.5146198830409356,17.376775271512113,16000000.0,0,1771873590.9545906,1000
-2008816267.357553,200,0.7419354838709677,22.706325932132383,18000000.0,0,1771873591.278447,1000
-454852285.19370043,200,0.4303030303030303,15.584415584415584,19000000.0,0,1771873591.6016622,1000
-1132203358.1645694,200,0.6452991452991453,20.268620268620268,15000000.0,0,1771873593.187895,1000
-2901198247.678785,200,0.8287037037037037,24.47089947089947,12000000.0,0,1771873593.5379722,1000
-1448557304.8152092,200,0.7063197026022305,21.879978757302176,16000000.0,0,1771873593.8614175,1000
-1708443137.457341,200,0.7070063694267515,22.02001819836215,20000000.0,0,1771873594.1893013,1000
-238037976.39468163,200,0.3870967741935484,13.824884792626728,12000000.0,0,1771873594.5320935,1000
-2816181030.9438314,200,0.8257918552036199,24.111182934712346,8000000.0,0,1771873594.8673413,1000
-3220200353.639175,200,0.8257261410788381,24.422050978067574,14000000.0,0,1771873595.2001178,1000
-31488623.932563186,200,0.1792452830188679,10.78167115902965,21000000.0,0,1771873595.5251977,1000
-2652075356.109413,200,0.8102189781021898,24.0528328119569,13000000.0,0,1771873595.8569233,1000
-2734900336.5764136,200,0.7990654205607477,24.098798397863817,19000000.0,0,1771873596.1874812,1000
-1134686161.231378,200,0.6053811659192825,19.090326713645098,14000000.0,0,1771873596.5259151,1000
-1123072405.2096899,200,0.6708333333333333,20.714285714285715,13000000.0,0,1771873596.8521206,1000
-3203002030.713807,200,0.8461538461538461,24.951519069166128,12000000.0,0,1771873597.189052,1000
-343462315.04056805,200,0.4233576642335766,15.224191866527633,15000000.0,0,1771873597.5147102,1000
-546817329.854619,200,0.47530864197530864,17.10758377425044,20000000.0,0,1771873597.8473053,1000
-1739205802.5040157,200,0.7306397306397306,22.607022607022607,18000000.0,0,1771873598.1856055,1000
-1236993546.6704528,200,0.6833333333333333,20.595238095238095,9000000.0,0,1771873598.5578618,1000
-3370667622.2417393,200,0.8394308943089431,24.62253193960511,11000000.0,0,1771873598.9150486,1000
638130.2368757427,200,0.1792452830188679,9.433962264150944,16000000.0,0,1771873599.255527,1000
-2295703320.139669,200,0.7811634349030471,23.822714681440445,19000000.0,0,1771873599.5859113,1000
-2718276596.0980663,200,0.8019559902200489,26.44289207125393,50530000.0,0,1771873599.9156258,1000
-3225830661.635784,200,0.891832229580574,28.643960895616523,50150000.0,0,1771873600.2600052,1000
-461906514.3871876,200,0.55,27.664285714285715,50190000.0,0,1771873600.580836,1000
-2991360291.2783794,200,0.8588807785888077,28.02294056308655,50110000.0,0,1771873600.9132903,1000
-2463535901.519204,200,0.856338028169014,28.49979879275654,50110000.0,0,1771873601.2405636,1000
-728917832.4917841,200,0.5084745762711864,20.702179176755447,51000000.0,0,1771873601.6540186,1000
-551137480.1586763,200,0.4823529411764706,15.798319327731093,12000000.0,0,1771873601.9877348,1000
-2416642453.4157934,200,0.7859007832898173,23.7224916076091,17000000.0,0,1771873602.3224454,1000
-1344124885.2730057,200,0.6094276094276094,22.316498316498315,50980000.0,0,1771873602.6611977,1000
-2210422215.185008,200,0.8384146341463414,28.320557491289197,50120000.0,0,1771873602.9900718,1000
-1423522975.341654,200,0.7631578947368421,28.086466165413533,50130000.0,0,1771873603.3324175,1000
-2123490382.8387804,200,0.8070175438596491,28.08421052631579,50140000.0,0,1771873603.6713972,1000
-2145740479.6746244,200,0.8392282958199357,28.578778135048232,50080000.0,0,1771873604.000786,1000
-453395371.5227355,200,0.5619834710743802,27.907910271546637,50190000.0,0,1771873604.3309615,1000
-2109225788.190072,200,0.8078175895765473,27.745928338762216,50130000.0,0,1771873604.6636949,1000
-2649360621.423684,200,0.8575268817204301,28.34715821812596,50080000.0,0,1771873604.9964497,1000
-1753518816.4598513,200,0.7889273356401384,27.50667325753831,50230000.0,0,1771873605.3228068,1000
-2132874397.166644,200,0.8055555555555556,27.44268077601411,50200000.0,0,1771873605.6583095,1000
-3209068998.523312,200,0.875,28.26038961038961,50210000.0,0,1771873605.979992,1000
-2955866050.911098,200,0.8676470588235294,28.301120448179272,50140000.0,0,1771873606.322918,1000
-1736012286.7633052,200,0.7032640949554896,23.14540059347181,36000000.0,0,1771873606.6755106,1000
-3350845895.3558884,200,0.8326612903225806,24.827188940092167,18000000.0,0,1771873607.0083835,1000
-2757512712.7135334,200,0.7995226730310262,23.9345380156836,16000000.0,0,1771873607.338763,1000
-984150142.4985297,200,0.6146341463414634,18.536585365853657,7000000.0,0,1771873607.678977,1000
-1790319930.7423906,200,0.7283950617283951,21.869488536155202,12000000.0,0,1771873608.0090024,1000
-1067216623.6426725,200,0.6363636363636364,20.25974025974026,16000000.0,0,1771873608.3468363,1000
-3119217325.305051,200,0.8373101952277657,24.72885032537961,13000000.0,0,1771873608.6872146,1000
-774993599.295746,200,0.572972972972973,18.687258687258687,15000000.0,0,1771873609.0228584,1000
-868486989.8686786,200,0.5952380952380952,18.639455782312925,12000000.0,0,1771873609.3569345,1000
-3036772901.3610744,200,0.8307349665924276,24.689786827871462,15000000.0,0,1771873609.70033,1000
-2074414962.918303,200,0.7574850299401198,22.75449101796407,13000000.0,0,1771873611.3467698,1000
-1688078889.445798,200,0.7328767123287672,21.72211350293542,8000000.0,0,1771873611.6819985,1000
-3202294567.708267,200,0.8326180257510729,24.340895156345802,9000000.0,0,1771873612.0305018,1000
15393286.420474857,200,0.17307692307692307,9.340659340659341,16000000.0,0,1771873612.370552,1000
-3478962408.4908433,200,0.8734939759036144,25.588066551921973,11000000.0,0,1771873612.711856,1000
-2777973533.499312,200,0.8321995464852607,24.295432458697764,8000000.0,0,1771873613.0572414,1000
-1967825951.2765362,200,0.7452830188679245,22.461814914645103,13000000.0,0,1771873613.409202,1000
-2551522927.6503987,200,0.8045112781954887,23.988542785535266,14000000.0,0,1771873613.755235,1000
-642311636.988975,200,0.5573770491803278,16.861826697892273,6000000.0,0,1771873614.1026406,1000
-305041473.61099213,200,0.3897058823529412,13.025210084033613,9000000.0,0,1771873614.449794,1000
-1706957791.5728993,200,0.7124600638977636,21.72523961661342,15000000.0,0,1771873614.7957697,1000
-626161417.1553334,200,0.5398773006134969,17.353198948290974,11000000.0,0,1771873615.1568465,1000
-950456485.7387967,200,0.6346153846153846,19.36813186813187,9000000.0,0,1771873615.5017035,1000
-354362815.2912429,200,0.417910447761194,14.285714285714286,11000000.0,0,1771873615.861541,1000
-3008598420.136492,200,0.8351893095768375,24.689786827871462,13000000.0,0,1771873616.2161458,1000
-903642903.645388,200,0.6069651741293532,19.047619047619047,12000000.0,0,1771873616.5710425,1000
-449137327.11184895,200,0.45390070921985815,15.400202634245188,12000000.0,0,1771873616.9135396,1000
-1753281524.298259,200,0.7441077441077442,21.933621933621932,7000000.0,0,1771873617.2641385,1000
-1655919333.8905787,200,0.7328767123287672,21.91780821917808,10000000.0,0,1771873617.5962327,1000
-2030609339.310316,200,0.7405247813411079,22.24073302790504,13000000.0,0,1771873617.9354842,1000
-2353667006.2566876,200,0.772972972972973,23.08880308880309,13000000.0,0,1771873618.2796087,1000
-2601053746.358401,200,0.8300492610837439,24.208304011259678,7000000.0,0,1771873618.6222305,1000
-950592417.96227,200,0.6490384615384616,19.917582417582416,10000000.0,0,1771873618.9594383,1000
-1174798603.8918645,200,0.6923076923076923,21.245421245421245,12000000.0,0,1771873619.292935,1000
-2903442876.730762,200,0.823394495412844,24.31192660550459,12000000.0,0,1771873619.6423151,1000
-576533774.7640206,200,0.55,17.321428571428573,9000000.0,0,1771873619.9779685,1000
-601645779.8083446,200,0.536723163841808,16.949152542372882,10000000.0,0,1771873620.3189924,1000
-3445215619.4960957,200,0.8621399176954733,25.16166960611405,9000000.0,0,1771873620.6548154,1000
-802399099.7375522,200,0.6097560975609756,18.81533101045296,10000000.0,0,1771873620.9982963,1000
-2531332502.197055,200,0.7972972972972973,23.474903474903474,9000000.0,0,1771873621.3353274,1000
-3003603696.1459265,200,0.8175675675675675,24.066924066924066,11000000.0,0,1771873621.6714084,1000
-708322345.8736895,200,0.5418994413407822,17.717478052673584,14000000.0,0,1771873622.0014768,1000
-1081821829.6316142,200,0.6510638297872341,19.574468085106382,8000000.0,0,1771873622.3349013,1000
-3313191687.5456705,200,0.8376753507014028,24.506155167477814,10000000.0,0,1771873622.6680572,1000
-2006169133.0525622,200,0.7410714285714286,21.85374149659864,8000000.0,0,1771873623.0038497,1000
-547039779.6024644,200,0.5297619047619048,17.687074829931973,15000000.0,0,1771873623.3404238,1000
-445478895.1615429,200,0.5060975609756098,16.72473867595819,13000000.0,0,1771873623.672231,1000
-896542968.4393268,200,0.5870646766169154,17.626154939587774,6000000.0,0,1771873624.0813975,1000
-423327579.53206885,200,0.4675324675324675,15.584415584415584,12000000.0,0,1771873624.4163659,1000
-2601819930.888951,200,0.80306905370844,24.11399342345634,16000000.0,0,1771873624.7508335,1000
-760387527.7903767,200,0.5833333333333334,17.77777777777778,7000000.0,0,1771873625.0956411,1000
-2351038941.351429,200,0.7777777777777778,23.204837490551775,13000000.0,0,1771873625.4340672,1000
-3299378022.0816402,200,0.8322851153039832,24.378556454028153,10000000.0,0,1771873625.7843723,1000
-946934933.4265599,200,0.6231884057971014,19.599723947550036,13000000.0,0,1771873626.116793,1000
-1004790206.0891559,200,0.6448598130841121,19.492656875834445,8000000.0,0,1771873626.4541733,1000
-783608603.8160747,200,0.5721925133689839,18.181818181818183,12000000.0,0,1771873626.7950966,1000
-3243387227.3118114,200,0.8353909465020576,24.514991181657848,11000000.0,0,1771873627.1351314,1000
-2741977389.320775,200,0.8192488262910798,24.010731052984575,9000000.0,0,1771873627.4827461,1000
-864544793.0186619,200,0.592964824120603,18.521177315147163,11000000.0,0,1771873627.8319356,1000
-2006861614.373076,200,0.7537537537537538,22.393822393822393,10000000.0,0,1771873628.184645,1000
-1895679312.0219216,200,0.7818181818181819,23.03030303030303,8000000.0,0,1771873629.8050826,1000
-1956527161.6770864,200,0.7753846153846153,22.505494505494507,4000000.0,0,1771873630.1426952,1000
-3489692539.0662966,200,0.845679012345679,24.691358024691358,9000000.0,0,1771873630.4773223,1000
-2488211440.76365,200,0.8047493403693932,23.897474557105163,12000000.0,0,1771873630.809994,1000
-1481539273.2212782,200,0.7210144927536232,21.428571428571427,8000000.0,0,1771873631.1475773,1000
-1685273953.6608012,200,0.7397260273972602,22.504892367906066,14000000.0,0,1771873631.4807286,1000
-959195180.1075988,200,0.6123348017621145,19.131529263687852,13000000.0,0,1771873631.8338118,1000
-2739730711.729342,200,0.8134328358208955,23.880597014925375,9000000.0,0,1771873632.1800785,1000
-327964746.7766961,200,0.4125874125874126,13.986013986013987,11000000.0,0,1771873632.5157614,1000
-1615847667.5359466,200,0.7209302325581395,21.07261509254865,5000000.0,0,1771873632.8555312,1000
-2090002954.365583,200,0.7705382436260623,22.581950627276406,7000000.0,0,1771873633.2016926,1000
-2995900987.6287327,200,0.8224101479915433,24.0410752038659,9000000.0,0,1771873633.5542877,1000
-1024005275.1940289,200,0.6587677725118484,19.90521327014218,8000000.0,0,1771873633.9056938,1000
-1063710348.5966256,200,0.648068669527897,19.865113427345186,11000000.0,0,1771873634.2432008,1000
-2843050084.8334684,200,0.8271028037383178,24.432576769025367,12000000.0,0,1771873634.5995429,1000
-1130824837.0672736,200,0.6680672268907563,20.048019207683073,8000000.0,0,1771873635.0316403,1000
-3018663492.168932,200,0.8171296296296297,24.00793650793651,10000000.0,0,1771873635.369559,1000
-2743175305.324646,200,0.8356807511737089,24.21193829644534,5000000.0,0,1771873635.720305,1000
-683848704.2898383,200,0.5804597701149425,17.569786535303777,6000000.0,0,1771873636.0721269,1000
-2060469700.1198978,200,0.7657657657657657,22.737022737022738,10000000.0,0,1771873636.413555,1000
-1352926016.2255397,200,0.7181467181467182,21.40099282956426,8000000.0,0,1771873636.7506053,1000
-581800545.2603818,200,0.5153374233128835,16.1262050832603,8000000.0,0,1771873637.0865026,1000
-1701295831.039811,200,0.7288135593220338,21.501210653753027,7000000.0,0,1771873637.4287446,1000
-2543835662.1196074,200,0.8060453400503779,23.965455199712128,13000000.0,0,1771873637.7691288,1000
-2410776853.3193097,200,0.7769028871391076,22.797150356205474,8000000.0,0,1771873638.131775,1000
-180155598.8414898,200,0.3275862068965517,10.83743842364532,6000000.0,0,1771873638.477044,1000
-2301999497.5654693,200,0.7874659400544959,23.43324250681199,12000000.0,0,1771873638.8393278,1000
-410329543.7880578,200,0.48322147651006714,15.340364333652925,8000000.0,0,1771873639.186398,1000
-3525197207.3489532,200,0.8548387096774194,24.53917050691244,2000000.0,0,1771873639.530619,1000
-2930322759.0927887,200,0.8520971302428256,24.660990223904133,5000000.0,0,1771873639.866248,1000
-1640753007.742982,200,0.7322033898305085,21.791767554479417,9000000.0,0,1771873640.212483,1000
-2729420454.3358803,200,0.806930693069307,23.62093352192362,8000000.0,0,1771873640.5536559,1000
-2064517205.1511703,200,0.7573099415204678,22.05513784461153,5000000.0,0,1771873640.8918843,1000
-1450302250.4846475,200,0.6977611940298507,20.895522388059703,9000000.0,0,1771873641.2392066,1000
-3289487025.026215,200,0.8471074380165289,24.675324675324674,8000000.0,0,1771873641.5829737,1000
-1043102994.7086651,200,0.6509433962264151,19.002695417789756,3000000.0,0,1771873641.9643579,1000
-829858212.2946618,200,0.6019900497512438,17.91044776119403,5000000.0,0,1771873642.306873,1000
-148795692.74832076,200,0.2767857142857143,8.673469387755102,3000000.0,0,1771873642.6438284,1000
-1660729732.090969,200,0.7394366197183099,21.62977867203219,5000000.0,0,1771873642.9846044,1000
-2652113186.5824566,200,0.8366336633663366,24.115983026874115,3000000.0,0,1771873643.3379745,1000
-2550530108.7530656,200,0.8107416879795396,23.967848008768726,11000000.0,0,1771873643.6877258,1000
-2522956090.7174854,200,0.8035264483627204,23.317740194314503,5000000.0,0,1771873644.036253,1000
-651119916.9814916,200,0.5866666666666667,17.714285714285715,5000000.0,0,1771873644.3798919,1000
-2764231848.6598797,200,0.8072289156626506,23.270223752151463,3000000.0,0,1771873644.7177012,1000
-127317316.27927727,200,0.25949367088607594,16.636528028933093,51000000.0,0,1771873645.0572348,1000
-1906430683.5481775,200,0.8263888888888888,28.57638888888889,50050000.0,0,1771873645.3974228,1000
-2624958935.794923,200,0.8254364089775561,27.171357320983255,50350000.0,0,1771873645.7380226,1000
-1149521014.4564834,200,0.668141592920354,20.101137800252843,8000000.0,0,1771873646.0754583,1000
-1606500664.2953684,200,0.796,28.46857142857143,50100000.0,0,1771873646.4093957,1000
-1239029753.428966,200,0.7535545023696683,28.308733920108327,50060000.0,0,1771873646.7446835,1000
-956204349.2923985,200,0.7151162790697675,28.742524916943523,50030000.0,0,1771873648.3910828,1000
-2569657003.45195,200,0.8691860465116279,28.989202657807308,50030000.0,0,1771873648.7467513,1000
-3221023979.1268497,200,0.8815489749430524,28.447120078099577,50090000.0,0,1771873649.0943606,1000
-1479811853.9705143,200,0.8177966101694916,29.42493946731235,50050000.0,0,1771873649.507782,1000
-1255666538.661508,200,0.785,29.574285714285715,50020000.0,0,1771873649.8528445,1000
-3106207833.73004,200,0.8857142857142857,28.710204081632654,50040000.0,0,1771873650.2142584,1000
-2258782653.0435123,200,0.8476190476190476,28.760090702947846,50080000.0,0,1771873650.5731173,1000
-2025836642.0322149,200,0.8433333333333334,28.85904761904762,50020000.0,0,1771873650.9171784,1000
-1112507260.0475042,200,0.7566137566137566,29.182161753590325,50040000.0,0,1771873651.2548878,1000
-3607964684.51243,200,0.8983050847457628,28.69370460048426,50020000.0,0,1771873651.6131253,1000
-2858879981.7802005,200,0.8765743073047859,28.646275638718965,50040000.0,0,1771873651.952208,1000
-683125487.5115354,200,0.48947368421052634,21.60451127819549,50670000.0,0,1771873652.2947495,1000
-1102669430.7224576,200,0.6801801801801802,19.948519948519948,4000000.0,0,1771873652.632776,1000
-1027422279.5465512,200,0.624390243902439,18.118466898954704,2000000.0,0,1771873653.0017266,1000
-2133864317.3258524,200,0.799410029498525,23.261694058154234,5000000.0,0,1771873653.4030817,1000
-594243938.8275448,200,0.535031847133758,16.196542311191994,5000000.0,0,1771873653.8183317,1000
-1474928304.9191284,200,0.7169117647058824,21.113445378151262,6000000.0,0,1771873654.1871998,1000
-930270290.0139159,200,0.6467661691542289,18.90547263681592,3000000.0,0,1771873654.5494208,1000
-2392693132.1277905,200,0.7967914438502673,22.841864018334608,1000000.0,0,1771873654.913214,1000
-174418006.49468243,200,0.2920353982300885,9.102402022756005,3000000.0,0,1771873655.2812014,1000
-1944038251.209301,200,0.7699115044247787,22.587442056468603,7000000.0,0,1771873655.6549094,1000
-2504225617.0640335,200,0.8151041666666666,23.511904761904763,3000000.0,0,1771873656.0260048,1000
-1745848369.0365016,200,0.7762237762237763,22.477522477522477,3000000.0,0,1771873656.4012573,1000
-473268630.2211064,200,0.5228758169934641,15.49953314659197,3000000.0,0,1771873656.78086,1000
-447481348.1343597,200,0.4968152866242038,14.37670609645132,1000000.0,0,1771873657.151708,1000
-202158574.7781276,200,0.3559322033898305,11.62227602905569,6000000.0,0,1771873657.6081316,1000
-2893062763.5196414,200,0.8461538461538461,24.317617866004962,2000000.0,0,1771873657.9781568,1000
-1979498229.3323889,200,0.7774566473988439,22.378199834847234,2000000.0,0,1771873658.4349313,1000
-1370704924.7612736,200,0.734375,21.428571428571427,4000000.0,0,1771873658.8130734,1000
-1569189658.4135978,200,0.7529880478087649,21.96926579396699,4000000.0,0,1771873659.1878245,1000
-3017000696.6009693,200,0.8265524625267666,23.676965432854082,1000000.0,0,1771873659.5771952,1000
-3517750863.592351,200,0.8577319587628865,24.624447717231224,2000000.0,0,1771873659.960224,1000
-3452164317.4931755,200,0.8530020703933747,24.489795918367346,2000000.0,0,1771873660.3481765,1000
-1368624231.3254616,200,0.7188755020080321,20.768789443488238,2000000.0,0,1771873660.7277381,1000
-892943496.7272464,200,0.6071428571428571,17.784256559766764,3000000.0,0,1771873661.1066115,1000
-2306953872.553462,200,0.8125,23.46938775510204,3000000.0,0,1771873661.4847465,1000
-667065889.7885423,200,0.5847953216374269,17.04260651629073,2000000.0,0,1771873661.8656092,1000
-3159487912.3447375,200,0.8571428571428571,24.6134817563389,2000000.0,0,1771873662.2512398,1000
-1414742963.8153782,200,0.7312252964426877,21.11801242236025,2000000.0,0,1771873662.6219347,1000
-736778176.2326523,200,0.5935828877005348,17.26508785332315,2000000.0,0,1771873662.9845033,1000
-1739989148.7990468,200,0.760797342192691,22.021831988609396,3000000.0,0,1771873663.3678858,1000
-2339588391.370738,200,0.7994579945799458,22.99651567944251,2000000.0,0,1771873663.7607691,1000
-558548269.6679425,200,0.5408805031446541,15.813117699910153,2000000.0,0,1771873664.1513038,1000
-755180499.9843118,200,0.5967741935483871,17.357910906298002,2000000.0,0,1771873664.5261455,1000
-159594754.90979618,200,0.33962264150943394,9.973045822102426,1000000.0,0,1771873664.9072623,1000
-3083447858.1270533,200,0.8538812785388128,24.52707110241357,2000000.0,0,1771873665.363168,1000
-317923613.4950546,200,0.4307692307692308,13.186813186813186,4000000.0,0,1771873665.747971,1000
-3355660417.0608754,200,0.8490566037735849,24.438454627133872,3000000.0,0,1771873666.1332586,1000
-3159430943.0603504,200,0.8426724137931034,24.261083743842363,3000000.0,0,1771873666.5251489,1000
-3065705572.3587933,200,0.8361702127659575,23.951367781155014,1000000.0,0,1771873666.9014487,1000
-2852327879.373224,200,0.8524590163934426,24.422883907661426,1000000.0,0,1771873668.809491,1000
-952641306.7979045,200,0.645933014354067,18.591934381408066,1000000.0,0,1771873669.1989334,1000
-2408075068.7189445,200,0.8114754098360656,23.341139734582356,2000000.0,0,1771873669.5734959,1000
-353286148.51814103,200,0.488,14.17142857142857,1000000.0,0,1771873669.9309795,1000
-464287192.4784486,200,0.5111111111111111,14.814814814814815,1000000.0,0,1771873670.281137,1000
-232046179.9934814,200,0.42735042735042733,12.454212454212454,1000000.0,0,1771873670.6462617,1000
-1887333189.055163,200,0.7566666666666667,21.904761904761905,3000000.0,0,1771873671.0017724,1000
-2633877997.645342,200,0.8031088082901554,23.0940044411547,2000000.0,0,1771873671.3569715,1000
-1895139496.1428604,200,0.7643097643097643,21.933621933621932,1000000.0,0,1771873671.7167726,1000
-1511759989.4830768,200,0.7320754716981132,21.132075471698112,2000000.0,0,1771873672.0838885,1000
-593451129.2393837,200,0.44976076555023925,19.822282980177718,51000000.0,0,1771873672.453904,1000
-1828499515.8195612,200,0.8423076923076923,29.56153846153846,50010000.0,0,1771873672.830066,1000
-2224997735.6240134,200,0.8594249201277955,29.120949338201733,50020000.0,0,1771873673.184682,1000
-1961235816.1121461,200,0.8256227758007118,28.674123029994917,50010000.0,0,1771873673.5514827,1000
-983961633.360066,200,0.732484076433121,30.02911737943585,50010000.0,0,1771873673.9118185,1000
-2358084992.1181087,200,0.8566978193146417,28.92745883400089,50000000.0,0,1771873674.2736876,1000
-1206403459.2434118,200,0.7772277227722773,29.28005657708628,50010000.0,0,1771873674.6199565,1000
-2233466192.4603143,200,0.8557692307692307,29.03021978021978,50010000.0,0,1771873674.963906,1000
-3450985509.468517,200,0.896774193548387,28.69431643625192,50000000.0,0,1771873675.3096986,1000
-1770334229.3124247,200,0.8345070422535211,28.87323943661972,50000000.0,0,1771873675.65521,1000
-2820936536.17492,200,0.8905109489051095,28.9190128606187,50000000.0,0,1771873676.0020356,1000
-1282711372.1201718,200,0.7632850241545893,28.70945479641132,50000000.0,0,1771873676.4023306,1000
-827879702.6270379,200,0.7195121951219512,29.26829268292683,50000000.0,0,1771873676.7386694,1000
-1548779889.386444,200,0.7901785714285714,28.955357142857142,50010000.0,0,1771873677.075686,1000
-3788105197.920576,200,0.907258064516129,28.80184331797235,50000000.0,0,1771873677.4187548,1000
-840322720.9425156,200,0.710691823899371,29.290206648697215,50000000.0,0,1771873677.7608135,1000
-2811593421.0346766,200,0.8816120906801007,28.78733357322778,50000000.0,0,1771873678.1029148,1000
-1980189220.273957,200,0.835820895522388,29.212153518123667,50010000.0,0,1771873678.4480171,1000
-3061670789.914144,200,0.8899755501222494,28.921411107230178,50010000.0,0,1771873678.7973285,1000
-520790045.46491516,200,0.6171875,28.796875,50010000.0,0,1771873679.151846,1000
-2786491635.287777,200,0.8797953964194374,28.790646693459994,50000000.0,0,1771873679.4985304,1000
-1212735409.5568693,200,0.7659574468085106,29.486322188449847,50020000.0,0,1771873679.8453867,1000
-806064306.768261,200,0.6783216783216783,29.372627372627374,50010000.0,0,1771873680.2098649,1000
-842913798.9039961,200,0.6666666666666666,27.88888888888889,50130000.0,0,1771873680.5678864,1000
-2138068438.8391986,200,0.7467700258397932,23.994093761535623,36000000.0,0,1771873680.9175055,1000
-2257459252.4710526,200,0.7865168539325843,22.552166934189405,1000000.0,0,1771873681.2754512,1000
-628565771.6660986,200,0.5460122699386503,15.950920245398773,2000000.0,0,1771873681.6184664,1000
-491806643.8183899,200,0.5068493150684932,15.068493150684931,3000000.0,0,1771873681.9704468,1000
-1389855424.5242295,200,0.7433962264150943,21.347708894878707,1000000.0,0,1771873682.3195927,1000
-2982055182.8906956,200,0.8344519015659956,23.90540108660914,1000000.0,0,1771873682.6703076,1000
-2490369043.191664,200,0.8157181571815718,23.38366240805265,1000000.0,0,1771873683.0311363,1000
-380354615.91304195,200,0.48226950354609927,13.98176291793313,1000000.0,0,1771873683.3857253,1000
-1937054418.7492692,200,0.7942122186495176,22.783647220946257,1000000.0,0,1771873683.7510035,1000
-1341566267.1326013,200,0.7112068965517241,20.56650246305419,2000000.0,0,1771873684.1110485,1000
-1532381649.8237195,200,0.7153284671532847,20.646506777893638,2000000.0,0,1771873684.4658961,1000
-257863858.31795108,200,0.36666666666666664,10.714285714285714,1000000.0,0,1771873684.8146515,1000
-485002226.156178,200,0.5294117647058824,15.336134453781513,1000000.0,0,1771873685.1621892,1000
-3303422504.9193144,200,0.845679012345679,24.397413286302175,4000000.0,0,1771873685.5267084,1000
-683945889.8777491,200,0.5919540229885057,17.077175697865353,1000000.0,0,1771873685.8902056,1000
-1269662705.8563373,200,0.70042194092827,20.253164556962027,2000000.0,0,1771873686.2392142,1000
-2374731790.884465,200,0.8067226890756303,23.12925170068027,1000000.0,0,1771873687.8929496,1000
-195757198.4908539,200,0.36752136752136755,10.744810744810744,1000000.0,0,1771873688.2544155,1000
-799259450.18684,200,0.6338797814207651,18.26697892271663,1000000.0,0,1771873688.6037743,1000
-329952402.3711911,200,0.4462809917355372,13.459268004722551,3000000.0,0,1771873688.958387,1000
-3199285541.145377,200,0.8426724137931034,24.199507389162562,2000000.0,0,1771873689.3198504,1000
-3014001499.6991305,200,0.8386363636363636,24.025974025974026,1000000.0,0,1771873689.667011,1000
-1280619452.779066,200,0.6875,19.761904761904763,1000000.0,0,1771873690.01393,1000
-1011903299.3814452,200,0.6422018348623854,18.74180865006553,3000000.0,0,1771873690.4256308,1000
-2836453403.8880825,200,0.8197115384615384,23.557692307692307,2000000.0,0,1771873690.7718706,1000
-3500962489.9986353,200,0.8562753036437247,24.696356275303643,4000000.0,0,1771873691.1176472,1000
-3381403264.204599,200,0.8532494758909853,24.438454627133872,1000000.0,0,1771873691.4685762,1000
-1421950274.0427973,200,0.72265625,20.758928571428573,1000000.0,0,1771873691.810655,1000
-2241231925.9560614,200,0.7959770114942529,22.988505747126435,3000000.0,0,1771873692.1557806,1000
-2624950933.192362,200,0.8160621761658031,23.390081421169505,1000000.0,0,1771873692.5028987,1000
-577667521.4499812,200,0.5521472392638037,16.1262050832603,2000000.0,0,1771873692.8822453,1000
-363595140.61782503,200,0.48672566371681414,14.15929203539823,1000000.0,0,1771873693.2277694,1000
-2399607830.8605,200,0.8130081300813008,23.38366240805265,2000000.0,0,1771873693.5797396,1000
-311715142.0534905,200,0.45454545454545453,13.203463203463203,1000000.0,0,1771873693.9333816,1000
-1440205183.6892395,200,0.7325581395348837,21.15171650055371,2000000.0,0,1771873694.2919843,1000
-1335486422.0407665,200,0.7119341563786008,20.5761316872428,2000000.0,0,1771873694.641133,1000
-420766247.0307014,200,0.5234375,15.178571428571429,1000000.0,0,1771873694.9830666,1000
-655101187.9070761,200,0.5459770114942529,15.763546798029557,1000000.0,0,1771873695.3263838,1000
-2159890996.9525657,200,0.7936962750716332,22.75890298812935,1000000.0,0,1771873695.6786137,1000
-2409078172.4781256,200,0.8076923076923077,23.15541601255887,1000000.0,0,1771873696.0528326,1000
-945196322.0059204,200,0.6740331491712708,19.57379636937648,2000000.0,0,1771873696.447648,1000
-1124324417.4717786,200,0.6894977168949772,19.96086105675147,2000000.0,0,1771873696.8520732,1000
-2660294122.9618998,200,0.818639798488665,23.605613530046778,3000000.0,0,1771873697.2228274,1000
-587981445.3089683,200,0.5581395348837209,16.27906976744186,2000000.0,0,1771873697.5707135,1000
-1468069430.407291,200,0.7232472324723247,20.875065893516076,2000000.0,0,1771873697.9302096,1000
-2922292118.711348,200,0.8317757009345794,23.83177570093458,1000000.0,0,1771873698.321217,1000
-1993844518.4784992,200,0.7648902821316614,21.9435736677116,1000000.0,0,1771873698.8046136,1000
-2148802085.4079475,200,0.783625730994152,22.472848788638263,1000000.0,0,1771873699.2455416,1000
-1350152842.4740632,200,0.7103174603174603,20.408163265306122,1000000.0,0,1771873699.6273704,1000
-279482765.85784763,200,0.4435483870967742,12.903225806451612,1000000.0,0,1771873700.009238,1000
-937550011.0182543,200,0.634020618556701,18.40942562592047,2000000.0,0,1771873700.3947868,1000
-1141774506.8555856,200,0.669683257918552,19.263089851325145,1000000.0,0,1771873700.7854667,1000
-904474187.8365269,200,0.6354679802955665,18.437719915552428,2000000.0,0,1771873701.165361,1000
-2218091165.4891777,200,0.7953890489913544,22.807739810621655,1000000.0,0,1771873701.6430283,1000
-996297119.7693634,200,0.6439024390243903,18.536585365853657,1000000.0,0,1771873702.0129454,1000
-1089755891.0833163,200,0.6342592592592593,18.51851851851852,3000000.0,0,1771873702.3871868,1000
-1052076219.5250673,200,0.6766169154228856,19.47405828002843,1000000.0,0,1771873702.7739778,1000
-2021164260.4199965,200,0.8033333333333333,23.047619047619047,1000000.0,0,1771873703.1549027,1000
-3017574532.8792386,200,0.8454746136865342,24.219489120151373,1000000.0,0,1771873703.5299716,1000
-1500482334.846168,200,0.7443609022556391,21.37486573576799,1000000.0,0,1771873703.9209583,1000
-418917370.08866954,200,0.45864661654135336,13.533834586466165,2000000.0,0,1771873704.2983437,1000
-3243545045.627127,200,0.860125260960334,24.69430360870862,2000000.0,0,1771873704.6720269,1000
-117041233.69299474,200,0.29411764705882354,8.683473389355742,1000000.0,0,1771873705.1378007,1000
-765640170.0377283,200,0.6130952380952381,17.687074829931973,1000000.0,0,1771873705.5373263,1000
-1723429695.347248,200,0.7357859531772575,21.213569039655997,2000000.0,0,1771873705.9050186,1000
-701432259.8622541,200,0.5714285714285714,16.64050235478807,2000000.0,0,1771873706.259701,1000
